,name,kashi,lyricist
90,Romantic,魔法が解けてどれくらい前はどう見えてた？この世界優しい嘘で包んでよ春が来るって誰かが止まない雨は無いとか明けない夜は無いだとか逆も然りなんでしょいつも同じ太陽が昇ったように朝が来たように見えたけど私たちが自転をしただけなのよね幸せが何かなんて笑わせないでそれはセロトニンよだって生活は幸せで溢れていてそれを感じられるかだけ春が来るなんて言うからまた期待しちゃったみたい肌寒いこの春服がやけに陽気で私みたい今この瞬間は一度しかない奇跡だって？そんな詭弁はいいからもっと分かり易くして白馬の王子様なんてダサいしキザだわそれにご立派なのはご両親ね私、だいぶ末期かも夏が来るなんて言うけれど期待なんかしてないわ背伸びしたこの夏服がなんでか本当の私みたい聖なる夜よ　ちょっと聞いて別に多くは求めてないのもうフィンランドのおじさんでも良いわ私良い子にしてたよ冬が来るなんて言うけれどまだ秋服のままの私温かい君の冬服が私、案外チョロいみたい,Fukase
31,すべてが壊れた夜に,人々は言う　分かっているとそんな当たり前な事は知ってるとでも知ってる事を分かってるならそんな顔にはならないんじゃない僕らは皆、何でも知ってる知ってるのに分からない事ばかりだでも僕は分かってる　1つ確かな事をそれは君が僕に教えてくれたんだ君の事も彼の事も自分のことさえ分からずにそれでも僕らは生きていく何も分からないまま生きていくLa.....蒼い海や広い空の美しさを僕らは知っている四角い空の中の僕らは空の青の深さを分かってるはず僕はいずれ死んでくだろうそんな事はずっと知っているだからと言って何も出来ないわけじゃないと僕は思うんだLa.....一人でゆくキミ　止めはしないさそれも含めキミの人生だろうでも僕は知ってる　分からない事をそれをキミに届けに来た僕らはみんな生きているそんな当たり前な事は知っているとでも知ってる事を分かってるならそんな顔にはならないんじゃない？La.....,Fukase
32,生物学的幻想曲,「子孫をのこし繁殖する」これが僕が産まれた「理由」で僕も「命のサイクル」の中の一つでしかないそれなのに僕は喜んで、怒って、楽しんで、悲しんで、死んでいく「人類」が死なない為に僕は産まれたの?美しく廻る永久の「命のサイクル」ぐるぐるぐるぐる廻り永遠に繰り返していく美しく廻る永久の「命のサイクル」ぐるぐるぐるぐる廻り永遠に止めてはならないただ永遠に分裂を繰り返すアメーバに産まれた意味や生きてる意味はあるの?ただ永遠に繁殖を繰り返す人類の中で僕は僕である必要はあったの?美しく廻る永久の「命のサイクル」ぐるぐるぐるぐる廻り永遠に繰り返していく美しく廻る永久の「命のサイクル」ぐるぐるぐるぐる廻り永遠に止めてはならない僕はいつか自分も「意味など存在しない」大きなサイクルの中にいると解るんだろうそしたらやっぱり僕も子供を授かって「命のサイクル」の中で美しく廻ってみよう美しく廻る永久の「命のサイクル」ぐるぐるぐるぐると廻り永遠に繰り返していく美しく廻る永久の「命のサイクル」ぐるぐるぐるぐると廻り永遠に止めてはならない,Fukase
33,世界平和,人間という怪物は「セカイ平和」という戦争を起こしてる平和なんて化け物は本当は存在していない普通に異常な貴方は「間違い」を主張して笑おうとする「正解」なんて化け物は本当は存在していない「セカイ」の中に花は入っていない「世界」の中に人は入っていないTHE WORLD PEACE WAR(世界平和戦争)猟奇的な一般の市民は「世界」中で血の雨を降らし「セカイ」中で一つになってこういうんだ 「世界平和」猟奇的な一般の市民は「世界」中で血の雨を降らし「セカイ」中で一つになってこういうんだ 「世界平和」僕ら以外の生物は「世界平和」という戦争を起こしている自由なんて化け物は本当は存在していない普通に異常な僕らは「正解」を主張して謳おうとする「間違い」なんて化け物は本当は存在していない「セカイ」の中に虫は入っていない「世界」の中に僕は入っていないTHE WORLD PEACE WAR(世界平和戦争)猟奇的な一般の市民は「世界」中で血の雨を降らし「セカイ」中で一つになってこういうんだ 「世界平和」猟奇的な一般の市民は「世界」中で血の雨を降らし「セカイ」中で一つになってこういうんだ 「世界平和」貴方たちが願う平和は世界平和じゃないんです花や虫や僕らの星は貴方たちに殺されてるんです「私たち世界人類に平和がありますように」世界中の子供たちに戦争のない未来を願いましょう「神様、人類を滅ぼして下さい」「神様、私たちの世界に平和を」,Fukase
35,タイムマシン,タイムマシンに乗ってチクタクチクタク君といた記憶を消し去るためにこんなに苦しいなら君に出逢う前に全てなかった事に僕は自分が一番好きだった他の誰より　君に会うまでは自分より大切な君を失い僕の世界から一番が無くなったそしてそれはまるで眠気のように僕を蝕んでいく幸せだったと思う度に涙が溢れ出してくるんだ　今でもタイムマシンに乗ってチクタクチクタク君といた記憶を消し去るためにこんなに苦しいなら君に出逢う前に全てなかった事に君と出逢えて本当に良かったと言える日なんて　来るのだろうかだって3年前のあの日から僕は何にも進んでない気がするんだよいつも君と道を歩いていると道端の花も新種の大発見の様だったこんなありふれた花のくせに　今ではタイムマシンに乗ってチクタクチクタク君と出逢った時間に辿り着いたこんなに苦しいけど君に出逢わなければ僕が僕じゃなくなる君と出逢った瞬間の僕はそんな顔をしてたのか見てられないやっぱり止められないや君との出逢いはでもこれで良かったんだタイムマシンに乗ってチクタクチクタク君のいない時間へと帰っていく前も見れないけど上も向けないけど僕を見つめていこう,Fukase
36,ターコイズ,大きな声で夢を謳ったみんなの前でカッコ悪いくらいに誰よりもそれを聴いていたのは他ならぬ僕自身だろう深海の夢を見たマリンスノーが宙を舞っていて綺麗なものは綺麗なだけじゃないと君もきっとそうなんだろう首を飾る君のネックレスぎゅっと握りドアを開いた森の伴奏　太陽が照らし出すとまだ拍手もない僕のステージが始まる泡沫の希望だろうとはりぼての勇気だろうと僕はそれを鞄につめたきっと無いよりマシなはずさ数え切れぬ敗北の前で膝をつく日だってあるだろう逃げる事も勇気の一つだとその言葉を胸に首を飾る君のターコイズそっと握り涙を溢した雨の間奏　嵐が吹き飛ばすとまだ拍手のない僕のステージが始まる首を飾る君のネックレスぎゅっと握りドアを開いた森の伴奏　太陽が照らし出すとまだ拍手もない僕のステージが始まる首を飾る君のネックレスぎゅっと握りドアを開いた森の伴奏　太陽が照らし出すとまだ拍手もない僕のステージが始まる,Fukase
71,幻の命,"白い星が降る夜に 僕からの賛美歌を蒼い銀河の彼方にUFOが 君を連れて消えていく白い病院で死んだ 幻の命に眠れない夜に夢で逢えたらと 蒼い月に祈るんだ幻に夢で逢えたら それは幻じゃない僕もいつの日か星になる 自由が僕を見て笑う嘘が煌めく夜に 偽物の花束を蒼い銀河の彼方にUFOが 僕を連れて消えていく白い病院で「死んだ」 僕達の子供は「もうこの世界にはいない」のに何で何も 感じないんだろう幻に夢で逢えたら それは幻じゃない僕が幻になれた夜 白い星が空に降るApril 30, 2005Our child became the phantom.We named “the life of phantom”, TSUKUSHI.It was a night with the red moon blazing beautifully.君のパパとママの歌",Fukase
38,tears,初めは嫌いだった君が僕を嫌ってそうだったから君も同じだったと聞いたのはそのずっとあと調子はどうだい　飯は美味いかい　wi-fiはあるかい返事がないから　無いんじゃないかと思っているけど無視してるならタダじゃおかない僕もいつか行く予定だけど　君がちゃんとガイドしてくれよご存知の通り面倒なとこがあるから　未知の食べ物はよく腹を壊すんだトイレはちゃんと綺麗かい笑い事じゃないんだ思い出すのはさ君の笑顔なんかじゃなく悪い顔だったりするんだ涙が零れた君に出逢えて良かったと思う度にwoahtearswoahcheers言葉になれなかったこの僕の想い達はわざわざ言わなくても解るだろ兄弟長い長い長い道を　この列車で思い出すのはさ君の笑顔なんかじゃなく悪い顔だったりするんだ涙が零れた君に出逢えて良かったと思う度に帰りの列車思い出す色んな事笑ったら涙が零れたぽつりぽつりぽつりぽつりと嬉しい事がこんなに悲しい涙が零れるほど嬉しいいつかきっとまた思い出すのはさ君の笑顔なんかじゃなく悪い顔だったりするんだ涙が零れた君に出逢えて良かったと思う度にwoahtearswoahcheers,Fukase
39,天使と悪魔,「いじめは正義だから　悪をこらしめているんだぞ」そんな風に子供に教えたのは　僕らなんだよ大人VS大人の正解・不正解のバトルTVで子供らに教える「ダレが“間違って”るか」正義のヒーローは悪党を倒すものだと子供はTVをみて思う「悪は滅ぼさなきゃね」もし僕が正しくて君らが間違いなら僕らは戦う運命にあるの?僕らはいつも「答」で戦うけど2つあって初めて「答」なんだよ悪魔と天使の世界で　あちらが正しいとかこちらが間違ってるとか解らないんだ「悪魔と天使」　僕らがどちらなのかなんてさ解るはずもなければ解りたくもない正義が支配する最悪な世界ではマジョリティーこそが「正しい」とみんな「間違える」!?「正義」を生み出した　神様　聞こえていますかあんなものを生み出したから　みんな争うんだよ戦うべき「悪」は自分の中にいるんだと「世界」のせいにしちゃダメだと僕はそう思ったんだ何かを変えるってことは自分自身を変えるということとほとんど同じなんだよ「僕ら」が変わるってことは「世界」を変えるということとほとんど同じなんだよ悪魔と天使の世界でこちらが正しいとかあちらが間違ってるとか解らないんだ「賛成」と「反対」の間に「答」が生まれればいい正しさを主張するだけじゃ「答」じゃないんだ否定を否定するという僕の最大の矛盾は僕の言葉　全てデタラメだってことになんのかな?,Fukase
40,Death Disco,君に神はいないいわゆる無神論者神が定めたキリツなど、君にとっちゃ関係もないはずそのはずなのにどういうわけかいつしか君は信じてる、とある思想を君は信じてるダレに教えられたかは知らないが君は絶対的に信じてる「命に価値がある」と信じてる「人を殺してはいけない」と思ってるなんで？「なんでってそりゃあ」君は何を信じてる？クエスチョンクエスチョン君に神はいないつまり無神論者目に見えるモノしか信じない主義神の起こす奇跡など、君にとっちゃファンタジーの世界でも、君は信じてる宇宙があると君は信じてる見たことないし、行ったことないけど君は「宇宙」を夢見てる科学者たちを信じてる“科学的に証明されたものは「真実」”だと君は思っているなんで？「なんでってそりゃあ」君は何を信じてる？クエスチョンクエスチョン君に神はいないいわゆる無神論者正義と悪の区別など、君にとっちゃ関係もないはずそのはずなのにどういうわけかいつしか君は信じてる、悪は滅ぶべきだと思ってる自分の中にある正義をもって悪を滅ぼすことの「意味」を信じてるせいぎせいぎせいぎせいぎ…の中にあるたくさんのギセイを君は絶対疑わないなんで？「なんでってそりゃあ」君は何を信じてる？クエスチョンクエスチョン,Fukase
41,デッドエンド,クタクタの足を何とか引きずって現れたのは行き止まりだったがむしゃらに走ってきた道を振り返る引き返そう　僕が間違えた場所まで逆向きに駆け巡っていく　僕がかつて見た景色夜空に花びらが舞うような出逢いも真昼の月みたいに　居場所を無くした時も俯いて見落としてたものはこんな綺麗だった目が眩む太陽に向かって走り続けてきたつもりだった強い光に包まれるように路頭に迷った太陽との距離は近付かないまま逆向きに駆け巡っていく　僕のかつての想い出逆光で見えなかったものが照らし出されていく千光年先の恋が　終わりを告げるように目が眩んで見落としてたものはこんな綺麗だった幾千の日を戻ってきた　僕が見落とした景色やっぱり引き返そう　あれは行き止まりじゃなくてきっと逆向きに駆け巡っていく　僕がかつて見た景色夜空に花びらが舞うような出逢いも真昼の月みたいに　居場所を無くした時も僕の人生は何もかもが素晴らしかった辿り着いた　あの日僕が立ち止まった壁に耳をあてて目を閉じてみたやっぱり聴こえる　これから出逢う想い出の音がさてどうやってそっちに行こうか,Fukase
70,MAGIC,僕はね、君のこと初めて見たときこの世界に産まれてきた意味がわかったんだ君を見るたび、胸がときめくんだそのたび君は僕を冷ややかな目で見るんだ君に出会うまで、世の中に希望なんかなくて自分に価値がないと思っていたんだ僕は君のためならば何でも出来るのに、何で君は一人で生きてゆけるような顔をするんだ僕がさ、こんなに頑張って言った言葉君は何もないようなふりをして通り過ぎてったね僕はさ、知ってるよ、君の最悪な性格もでもたまに悲しそうに笑うとこがたまらなく好きなんだよ季節が巡り、４回目の冬が来て僕はいまだ、君にまとわりついていたんだ大きな樹のある“カフェミケランジェロ”でついに僕は言ったんだ「僕と一緒になってくれませんか？」「私、貴方みたいな太陽みたいにキラキラした人を見ると吐き気がするわ」僕らの間に命が宿ったとき君は何とも言えない顔をして笑っていたね嬉しいのか、悲しいのか君はこう思ってたんだろう？「いずれは全て失うのに、どうして大切なモノが増えていくの？」僕がさ、こんなに頑張って言った言葉君は何にも無かったように目を閉じ星になったね僕がさ、あの夜どんな気持ちだったか「ありがとう」や「さよなら」を言うのがどんなに苦しかったか僕がさ、こんなに頑張って生きてきたのに本当に大切なモノさえ失ってしまうんだねでも僕はさ、知ってるよ、それでも人生は素晴らしいと生まれてきて良かったと僕は本当にそう思うんだよ,Fukase
68,Home,僕たちは家を作った　大きな大きな家を何年も何年も手作りでたくさんの明かりを灯した暖かいHomeを雪が降ったならみんなで鍋を囲んでさ星が出たなら車で追いかけたね君たちがどんな旅に出ようといつでも帰っておいでねこんなこと言ったらダメかも知れないんだけどさここが君らのHomeなんだからもし遠くへ行き過ぎてしまったらさいつでも帰っておいでねこんなこと言ったらダメかも知れないんだけどさここが僕らのHomeなんだから僕たち大人になって何を得て何を失ったかそんな事は知りたくはないけどあの素晴らしい思い出は大人にならなきゃ手に入らなかった宝物だと思うと大人になるのも悪くないとそう思ったんだよ君たちがどんな旅に出ようといつでも帰っておいでねこんなこと言ったらダメかも知れないんだけどさここが君らのHomeなんだからもし遠くへ行き過ぎてしまったらさいつでも帰っておいでねこんなこと言ったらダメかも知れないんだけどさここが僕らのHomeなんだからLa La La …,Fukase
44,Dragon Night,今宵は百万年に一度太陽が沈んで夜が訪れる日終わりの来ないような戦いも今宵は休戦して祝杯をあげる人はそれぞれ「正義」があって、争い合うのは仕方ないのかも知れないだけど僕の嫌いな「彼」も彼なりの理由があるとおもうんだドラゴンナイト　今宵、僕たちは友達のように歌うだろうムーンライト、スターリースカイ、ファイアーバード今宵、僕たちは友達のように踊るんだ今宵は百万年に一度太陽が夜に遊びに訪れる日終わりの来ないような戦いも今宵は休戦の証の炎をともす人はそれぞれ「正義」があって、争い合うのは仕方ないのかも知れないだけど僕の「正義」がきっと彼を傷付けていたんだねドラゴンナイト　今宵、僕たちは友達のように歌うだろうコングラッチュレイション、グラッチュレイション、グラッチュレイション今宵、僕たちの戦いは「終わる」んだドラゴンナイト　今宵、僕たちは友達のように歌うだろうムーンライト、スターリースカイ、ファイアーバード今宵、僕たちは友達のように踊るんだ,Fukase
66,炎と森のカーニバル,YOKOHAMAにある遊園地の「コスモパニック」の非常口がこのパーティーのエントランス扉を開けたらそこは巨大な樹が支配する、会場の名は“ツリーランド”君はここでは大スターほら、鐘がなった パーティーが始まる炎と森のカーニバルミイラ男も踊ってる今宵、僕が招かれたカーニバル魔法使いは僕に言ったんだ「この恋は秘密にしておくんだよ、さもなければこの子の命が危ない」と。「私をパーティーへ連れ出して」君がそうやって言うからさ悪魔のDJを観に行こうか、月のカクテルを買ってくるよBARのロボットに見惚れてたら君がそうやって怒るからさ人目を気にしてキスをしたほら、君の出番だろう？炎と森のカーニバルシンデレラも歌ってる今宵、僕が招かれたカーニバル人ごみの中、離れないように君と手を繋いだんだ、この君の手をもう離さないと、僕は決めたんだ。炎と森のカーニバルミイラ男も踊ってる今宵、僕が招かれたカーニバル魔法使いは僕に言ったんだ「この恋は秘密にしておくんだよ、さもなければこの子の命が危ない」と。,Fukase
46,虹色の戦争,花に声があるなら何を叫ぶのだろう「自由の解放」の歌を世界に響かせているだろう平和に耳があるなら何が聴こえるだろう偽物の自由の歌が爆音で聴こえるだろう花が叫ぶ愛の世界で僕等は平和を歌っている鳥籠の中で終わりを迎えた「自由」は僕になんて言うだろう生物達の虹色の戦争貴方が殺した命の歌が僕の頭に響くThe war of the rainbow color(虹色の戦争)生物達の虹色の戦争貴方が殺した自由の歌は貴方の心に響いてますか?The war of the rainbow color(虹色の戦争)虫に歌があるなら何を叫ぶのだろう「平和の解放」の歌を世界に響かせてるだろう自由に耳があるなら何が聴こえるだろう偽物の平和の歌が爆音で聴こえるだろう虫が叫ぶ平和な世界で僕らは愛を歌っている虫籠の中で終わりを迎えた「命」は僕に何て言うだろう生物達の虹色の戦争貴方が殺した命の歌が僕の頭に響くThe war of the rainbow color(虹色の戦争)生物達の虹色の戦争貴方が殺した自由の歌は貴方の心に響いてますか?The war of the rainbow color(虹色の戦争)青色の空に神様がきて願いを1つ叶えるなら花や虫は何を願うのだろう青色の空に神様がきて願いを1つ叶えるなら僕等の命の炎は消えてしまうのだろう“The war of the rainbow color”is the war the whole world knowsand the whole world participate in.(「虹色の戦争」とは世界中が知っていて世界中が参加している戦争である)“The war of human vs. living things except human”is the war the whole world“does not feel”even though the whole world“knows”(「人間と人間以外の生物の戦争」とは世界中が「知っている」のに世界中が「感じない」戦争である),Fukase
47,Never Ending World,「人」と描いて他人という意味のこの国はヒトを恐れて生きてきたけれど「人」の「間」にあるものは不安や恐れじゃなくて愛だと子供たちに「教え」たい「何か」が終わってしまったけれどそれは同時に「何か」が始まって「始まり」はいつでも怖いけれどだからこそ「僕ら」は手を繋ごうWe are with you「人」の「為」と描いて偽りだと僕らはいつでも主張してきたけれど本当の気持ちはいつだって迷い間違え、とりつくろって偽りから始まるんだ「何か」が終わってしまったけれどそれは同時に「何か」が始まって僕らは「出来る事」が皆違うからだからこそ「僕ら」は手を繋ごうWe are with you?「何か」が終わってしまったけれどそれは同時に「何か」が始まって「終わり」はいつでも悲しいけれどだからこそ「僕ら」は手を繋ごう「僕ら」の「夢」が儚いと言われようともそれを止める理由にはならないもしもソレが嘘や偽りだとしてもソレが「真実」に変わるまで僕らは謳う,Fukase
48,眠り姫,君と僕とで世界を冒険してきたけど泣いたり笑ったりして僕らはどんなときでも手を繋いできたけどいつかは　いつの日かはある朝　僕が目を覚ますと　この世界には君はいないんだね驚かそうとして隠れてみても　君は探しにこないんだAh　君はいつの日か深い眠りにおちてしまうんだねそしたらもう目を覚まさないんだね僕らがいままで冒険した世界と僕は一人で戦わなきゃいけないんだねボーっと火を吹くドラゴンも僕ら二人で戦ったね勇者の剣も見つけてきたよねAh　このまま君が起きなかったらどうしようそんなこと思いながら君の寝顔を見ていたんだこんな青空のときでもどんな嵐のときでも手を繋いできたけどこんなに嬉しいときもどんなに悲しいときもいつかは　いつの日かはある朝　僕が目を覚ますと　この世界には君はいないんだね起こそうとして揺さぶるけど　君はもう目を覚まさないんだAh　君はいつの日か深い眠りにおちてしまうんだねそしたらもう目を覚まさないんだね僕らがいままで冒険した世界と僕は一人で戦わなきゃいけないんだねAh　まだ見ぬ宝も僕ら二人で探しに行ったね星が降る夜に船を出してさAh　このまま君が起きなかったらどうしようそんなこと思いながら君の寝顔を見ていたんだAh　君はいつの日か深い眠りにおちてしまうんだねそしたらもう目を覚まさないんだね僕らがいままで冒険した世界と僕は一人で戦わなきゃいけないんだねボーっと火を吹くドラゴンも僕ら二人で戦ったね勇者の剣も見つけてきたよねAh　このまま君が起きなかったらどうしようそんなこと思いながら君の寝顔を見ていたんだ,Fukase
49,白昼の夢,夕陽が僕を起こして深い海に沈んでいく僕の好きな夜がきて暗い部屋で一人きり花束持って出掛けても世界はいつも静かで椅子に座り星を見ると一人で家に帰るんだ朝　夜の繰り返し寂しくて空を見上げてみる朝　夜の繰り返し朝に眠る夜と夢をみる僕の中にいる悪魔　今夜は僕と遊ぼうよ僕の中にいる天使　今夜は僕と遊ぼうよ僕が「今」を起こして「過去」を眠りにつかせる「未来」は部屋に来ないから僕が迎えに行かなくちゃ朝　夜朝　夜朝　夜の繰り返し寂しくて空を見上げてみる朝　夜の繰り返し夜に眠る僕の夢を見る朝　夜朝　夜もうすぐ僕の部屋に太陽が来るもうすぐ僕の部屋に太陽が来る,Fukase
50,Habit,君たちったら何でもかんでも分類、区別、ジャンル分けしたがるヒトはなぜか分類したがる習性があるとかないとかこの世の中2種類の人間がいるとか言う君たちが標的持ってるヤツとモテないやつとかちゃんとやるヤツとヤッてないヤツとか隠キャ陽キャ？君らは分類しないとどうにも落ち着かない気付かない本能の外側を覗いていかない？　気分が乗らない？つまり　それは　そんな　シンプルじゃないもっと　曖昧で　繊細で　不明瞭なナニカ例えば持ってるのに出せないヤツやってるのにイケないヤツ持ってるのに悟ったふりしてスカしてるうちに不安になっちゃったりするヤツ所詮アンタはギフテッドアタシは普通の主婦ですとそれは良いでしょう？　素晴らしいでしょう？不可能の証明の完成なんじゃない？夢を持てなんて言ってないそんな無責任になりはしないただその習性に喰われないでそんなHabit捨てる度　見えてくる君の価値俺たちだって動物こーゆーのって好物ここまで言われたらどう？普通　腹の底からこうふつふつと俺たちだって動物故に持ち得るOriginalな習性自分で自分を分類するなよ壊して見せろよ　そのBad Habit大人の俺が言っちゃいけない事言っちゃうけど説教するってぶっちゃけ快楽酒の肴にすりゃもう傑作でもって君も進むキッカケになりゃそりゃそれでWin-Winじゃん？こりゃこれで残念じゃんそもそもそれって君次第だしその後なんか俺興味ないわけこの先君はどうしたい？ってヒトに問われる事自体終わりじゃないと信じたいけどそーじゃなきゃかなり非常事態君たちがその分類された普通の箱で燻ってるからさ俺は人生イージーモードずっとそこで眠っててアラサー俺はそもそもスペックが低いだから足掻いて足宛いて醜く吠えた俺のあの頃を分類したら誰の目から見ても明らかすぐ世の中、金だとか、愛だとか、運だとか、縁だとかなぜ2文字で片付けちゃうの俺たちはもっと曖昧で複雑で不明瞭なナニカ悟ったふりして驕るなよ君に君を分類する能力なんてない俺たちだって動物こーゆーのって好物ここまで言われたらどう？普通　腹の底からこうふつふつと俺たちだって動物故に持ち得るOriginalな習性自分で自分を分類するなよ壊して見せろよ　そのBad Habit俺たちだって動物こーゆーのって好物ここまで言われたらどう？普通　腹の底からこうふつふつと俺たちだって動物故に持ち得るOriginalな習性自分で自分を分類するなよ壊して見せろよ　そのBad Habit,Fukase
62,broken bone,最後の公演を終えた日、僕は酒に溺れてた満月が照らすその店で、僕の野望を謳ってたいつまでも、僕は　いつまでも、僕は　この四人でいたいと、それは狼のように月に吠えてたんだよbroken bone (骨折)少しは大人になったら？君にはファンもいるんだし。でも僕は先生でもないし、最初から「正しさ」もないいつまでも、いつまでも、このままでいたいと僕は最初からTV なんかに出れるような人間じゃないのかも知れないねbroken bone (骨折)broken bone (骨折)だからゴロゴロダラダラ僕はメロディを歌ってるbroken bone (骨折)だけどでもでもまだまだ僕の骨折は治らないbroken bone (骨折)だからゴロゴロダラダラ僕は歌詞を詠ってるbroken bone (骨折)だけどでもでもまだまだ僕の骨折は治らない,Fukase
61,Blue Flower,It is like a white crowLike two-headed tortoiseIronic miracleWhy am I bad？(白いカラスのような双頭の亀のような奇跡のいたずらなんで僕が悪いの？)大きい声を出すなよどうせ誰にも聞こえないんだから無様に足掻くお前を見てると僕の笑顔もちょっと崩れてくるそんな顔で僕を見るなよ目に光が無くなってからが始まり何度も何度も謝るなよきっと誰も悪くないんだそれは海で鯱に会うような自然の摂理のようなもの理由なんかそもそも無くてあるとしたら生まれる前の何か赤い花畑に間違いで咲く美しい一輪の青い花ここにも1人やかましい薔薇壊れられると思うなよIt is like a white crowLike two-headed tortoiseIronic miracleWhy am I bad？(白いカラスのような双頭の亀のような奇跡のいたずらなんで僕が悪いの？)あー、ガタガタギャアギャアうるさいめんどくさいからこの際もういっそどいつもこいつも理由を尋ねる答えられんの　喰うヤる寝る共喰いしたりなぶり殺して遊ぶ哺乳類まあようするに最初にお前が見誤るから僕を羊だと間違えるから僕は弱くて卑怯だからお前はそこで吊るされてるんだお前の居る場所を探してみたけど結局はただの肉の塊どちらかというと僕は被害者産まれ変わったら愛されたいなIt is like a white crowLike two-headed tortoiseIronic miracleWhy am I bad？(白いカラスのような双頭の亀のような奇跡のいたずらなんで僕が悪いの？)It is like a white crowLike two-headed tortoiseIronic miracleWhy am I bad？(白いカラスのような双頭の亀のような奇跡のいたずらなんで僕が悪いの？),Fukase
53,向日葵,夜に住んでた私は初めて貴方を見た眩し過ぎてちょっとだけ眩暈がしたんだ紫のライトから聴こえてくる音そんな違いはないけど、ただ羽根を開くくらい初めてキスをした　忍び込んだビルの屋上貴方にとっては気まぐれな　でも私にとってわね真夏に咲く向日葵達のようみんなが貴方を見てるわ私もその中の一人なのねそんなの分かってる貴方が覚えてないような事も私には宝物なのそれを貴方に壊されないように大切に持ってる入道雲は届かない幻のお城飛行機から見ちゃうとそうでもないんだけど何度も何度も　終わらせようと誓った夜も貴方に会うと明けてしまう　私はどうしたらいいの？真夏に咲く向日葵達のようみんなが貴方を見てるわ私もその中の一人なのねそんなの分かってる叶わない恋なのは分かってるよただ貴方を想ってた時間を何に使って良いか分からないまま夏が終わっていく滲んだ祭りの音と我慢してた靴ずれいつも嫌いな写真なのにそれは誰に見せるの？本当に大切なモノだけは絶対手放すなとこれは貴方が教えてくれた事こんな皮肉ってある？真夏に咲く向日葵達のようみんなが貴方を見てるわ私もその中の一人なのねそんなの分かってる,Fukase
54,ピエロ,森の中のサーカスの君はそこのピエロでいつもおどけてみせて、皆を笑わせようとするどんな悲しいときも笑って皆を笑わせようとする本当はとても気にしてる、そのヘンテコな赤い鼻もからかわれても知らんぷり踊って転んで笑ってたねつまづいたんだから涙が出るのが普通なんだよ危ないから空中ブランコなんてしなくていいんだよ「私がやらなきゃ、誰がやるの！」とそう言って君は笑う危ないから綱渡りなんかしないで欲しいんだよでも、君には決めた事があるんでしょう？応援するよ「頑張って！」実は僕は知ってるよ君が練習してる事を何回やってもつまずいていらだってしまう君の事をそれだけやったら上手くいくさ焦る気持ちは分かるけどさ僕はちゃんと見てるよ頑張ってる君の事を寝静まったサーカステントのなか魔法を覚える君をだから、無理だけはしないで欲しいんだよ今日はおやすみ危ないから空中ブランコなんてしなくていいんだよ「私がやらなきゃ、誰がやるの！」とそう言って君は笑う危ないから綱渡りなんかしないで欲しいんだよでも、君には決めた事があるんでしょう？応援するよ「頑張って！」危ないから空中ブランコなんてしなくていいんだよ「私がやらなきゃ、誰がやるの！」とそう言って君は泣いた危ないから空中ブランコなんてしなくていいんだよ「私がやらなきゃ、誰がやるの！」とそう言って君は笑う危ないから綱渡りなんかしないで欲しいんだよでも、君には決めた事があるんでしょう？応援するよ「頑張って！」,Fukase
55,Fight Music,あぁもう嫌になっちゃうな、ほんと何も上手くいかないや戦うべき「敵」は本当は僕らは分かってる99戦中99敗もう涙も出ないよほんと、もうなんつーのそうねコイツは所謂「挫折」だねあーもう何にも考えたくもないや酒でも飲んで全て忘れちまうかそんなことが何の解決にもならないことなんて学校に行ってない僕でもわかるんだ僕らがいますぐ欲しいのは「ソレ」から逃げる「理由」なんかじゃなくて僕らがいますぐ欲しいのは「ソレ」と戦う「勇気」が欲しいんだどれだけ遠くに逃げても「ソレ」は僕の前に立ちはだかるだから僕がいますぐ欲しいのは「ソレ」と戦う「勇気」が欲しいんだAh何で勝てないのかなんて本当は僕も分かってるだって本気なんか出して負けたら　どうする?もうさ戦いを挑むから負けんだ戦わなくていい「理由」を探しにいく為の旅でもふらっと行こうかなあぁもう地球をどれだけ廻ったって少しも楽になんかならないんだそんなことが何の解決にもならないことなんて僕らはずっと解っていたんだ僕らがいますぐ欲しいのは「ソレ」から逃げる「理由」なんかじゃなくて僕らがいますぐ欲しいのは「ソレ」と戦う「勇気」が欲しいんだどれだけ遠くに逃げても「ソレ」は僕の前に立ちはだかるだから僕がいますぐ欲しいのは「ソレ」と戦う「勇気」が欲しいんだ僕がいますぐ欲しいのは「ソレ」から逃げる「理由」なんかじゃなくて僕がいますぐ欲しいのは「ソレ」と戦う「勇気」が欲しいんだどんなに醜く負けても僕は勝つまで戦う「理由」があんだこんな所で負けられない、くらえ僕のカイシンの一撃　イエーイあぁもう嫌になっちゃうよほんと、これで100戦中100敗それでも僕は戦い続けるよ　勝つ為に,Fukase
60,Food,成長するため君を吸収ちゃんと消化して僕の一部に上品ばかりが全てじゃないんだ野蛮に下品にかぶりつくのもまた愛を知らない獣のような純粋で凶暴なその瞳奥に残酷にえぐりこむ価値のあるとこはもっと深くにふざけるなんてマナー違反だ野蛮であっても無礼ではいけない神の恵みに感謝していただく味がなくならないでねJuicy (ジューシー)Crispy (サクサク)Crunchy (ボリボリ)Fluffy (フワフワ)Tender (やわらかい)Chewy (モチモチ)All Delicious時間をかければ良いわけじゃないそれぞれ適した調理法がある寝かせるもの、サッとやるもの味付けの濃いもの、素材を活かすもの新鮮なもの、腐敗したもの固くするもの、柔らかくするもの食べ頃もある、旬もあるそれはもちろんそれはそうさじゃあさ僕はどうなんだい？食べ頃も過ぎて旬も過ぎたかい？美味しいまんまでいれてるのかなコックの腕が試される時だね嫌がったって胃袋にねじ込む一度食べたら忘れられない味に神の恵みに感謝していただく味がなくならないでねJuicy (ジューシー)Crispy (サクサク)Crunchy (ボリボリ)Fluffy (フワフワ)Tender (やわらかい)Chewy (モチモチ)All DeliciousJuicy (ジューシー)Crispy (サクサク)Crunchy (ボリボリ)Fluffy (フワフワ)Tender (やわらかい)Chewy (モチモチ)All Delicious,Fukase
30,スノーマジックファンタジー,スノーマジックファンタジー雪の魔法にかけられて僕は君に恋したもしかして君は雪の妖精?僕は星の降る雪山で、君を見るまではオカルトの類はまったく信じていなかったのだけれども君が住む山は“スノーランド”1年中、雪の降るこの国で私は生まれたの、と君は話してくれたんだねぇ、私は夏を見たことがないの、燃えるようなあの夏を、それを見るのが私の夢なのでも良いのこの世界は知らない方がロマンチックな事もたくさんあるのでしょう?スノーマジックファンタジー雪の魔法にかけられて僕は君に恋したもしかして君は雪の精?僕はこれまでの人生を誰にも愛されることもなく1人で生きてきた君と出逢うその時まではふいに、「君は妖精だから、やっぱり年齢は200歳とかなのかい?」と聞いたら、それはなんか無視されたねぇ、命はいずれ終わるものよ貴方と私は終わりがくるのなのに、なんで出逢ってしまったの?貴方は「幸せ」と同時に「悲しみ」も運んできたわ皮肉なものねスノーマジックファンタジー雪の魔法にかけられて僕は君に恋したもしかして君は雪の精?雪の妖精とのファンタジーやがて、僕は眠くなってきた君と一緒にいるという事は、やはりこういう事だったんだろうでも良いんだ、君に出逢えて初めて誰かを愛せたんだこれが僕のハッピーエンドスノーマジックファンタジー雪の魔法にかけられて僕は君に恋したもしかして君は雪の精?雪の妖精とのファンタジー,Fukase
57,ファンタジー,Let's sing a song　Wipe your tearsand people　Let's sing alongLet's sing a song　Wipe your tearsPut your hands upいつだって僕たちの365日は“Heartache”ばっかりで元気がなくなっちまうなそりゃまあソレも愛すべき敵だけど今日くらいはあっちいってくれよ今日は幻想的な世界へ連れてってあげる僕らにはこんなことしか出来ないけど今日は君に笑ってほしいんだ僕らにはこんなことしか出来ないけど今日は君に歌ってほしいんだLet's sing a song　Wipe your tearsand people　Let's sing alongLet's sing a song　Wipe your tearsPut your hands up　Let's sing alongいつだって僕たちの365日は“Heartbreak”ばっかりでナミダがなくなっちまうなそりゃまあ音楽なんかじゃ何にも変えられないのかも知れないけど今日は幻想的な世界へ連れてってあげる僕らにはこんなことしか出来ないけど今日は君に歌ってほしいんだ僕らにはこんなことしか出来ないけど今日は君に笑ってほしいんだLet's sing a song　Wipe your tearsand people　Let's sing alongLet's sing a song　Wipe your tearsPut your hands up　Let's sing along,Fukase
29,スターライトパレード,Welcome to the “STARLIGHT PARADE”星が降る眠れない夜にもう一度連れて行ってあの世界へ眠れない僕たちはいつも夢のなか太陽が沈む頃僕らはまた一人だね僕の一つの願いは綺麗な星空にまた消えていくんだWelcome to the “STARLIGHT PARADE”星が降る眠れない夜に僕たちを連れて行ったあの世界Please take me the “STARLIGHT PARADE”星が降る眠れない夜にもう一度連れて行ってあの世界へ時間が止まったようなあの夜も笑ってた君はもうここにはいないんだね聖なる夜に“world requiem”を謳うと星に願うんだWelcome to the “STARLIGHT PARADE”星が降る眠れない夜に僕たちを連れて行ったあの世界Please take me the “STARLIGHT PARADE”星が降る眠れない夜にもう一度連れて行ってあの世界へWelcome to the “STARLIGHT PARADE”星が降る眠れない夜に僕たちを連れて行ったあの世界僕たちは探していくんだ夜空の星が射す方へもう君がいなくなったこの世界でそれはまるで僕たちの文明が奪った夜空の光の様に,Fukase
74,Missing,君は突然　僕の前から居なくなったカラダだけ残してどこかへ消えたんだ居場所の手掛かりを探して部屋をひっくり返した本当に突然？　いつから居ないのかさえ分からない居なくなった理由など　心当たりばっかりで君の考えてた事なんか少しも分からない行く当てもないけど家を飛び出したんだ僕と写る君の笑顔の写真を1枚持ってトビウオの道案内喋る樹リアルとアンリアルの国境を渡り君を探して　幾千の夜を越えて僕は君との想い出を思い出してた宝物のようなさ君を探して　旅に出たんだ君の好きだった場所へ逢えたら話したい事ばっかりだよ君を探して　夜を越えていく僕は君を　思い出してた君を探して　夜を越えていく僕は君を　思い出してたいつだって僕は　自分の事で一杯で君の気持ちなんか分かってるようで分かってなかったちゃんと私を見て　と言われたその声も記憶が歪んでて　ちゃんと思い出せないんだ緑の猿と泣くロボット働き過ぎで人が死んでく島を通り君を探して　幾千の夜を越えてボロボロのリュックに君に言いたい言葉がいっぱい詰まってる君を探して　旅に出たんだぐしゃぐしゃになった1枚の写真僕だけ笑ってないんだこれってもしかして僕を探して　旅に出たんだ先に居なくなった僕をカラダだけ残して遠くに行った僕を迎えに行ってくれてたんだ君の好きな場所じゃなくて僕の好きな場所に君は居るんだね僕を探して　旅に出たんだ君の前から　居なくなった僕を僕を探して　旅に出たんだ君の前から　居なくなった僕を,Fukase
1,青い太陽,"Our sun exists independently of all stars,and the only star that can not exist at night.It's the light that emitted from the sun have caused that.The“light”is“condition for existence”of the sun,and it means eternal solitude.The sun shines on the world as“symbol of solitude”also today.(私達の太陽は全ての星から独立した存在でありただ1つ「夜」に存在出来ない星である。その理由は太陽から発せられる「光」にあった。その「光」とは太陽の「存在条件」でありそれは永遠の孤独を意味した今日も太陽は「孤独の象徴」として世界を照らす。)宇宙の青い太陽は今宵終わりを迎える青色に輝いて「当然」の空を「無色」に照らす僕等の世界は太陽を無色の色とみなすそんな世界から僕達の「太陽」が消えるのでした世界の終わりに青い星が降る僕達の空に咲く青い花Our sun is going to end. Our sun is going to die.Then we are going to notice that the sun have shone on our world.(私達の太陽はいずれ終わっていくのだろう。私達の太陽はいずれ死んでいくのだろう。その時、私達の世界は太陽に照らされていたんだと解るのだろう。)Our sun is going to end. Our sun is going to die.Then we are going to notice that our earth have shonewith the color of the sun.(私達の太陽はいずれ終わっていくのだろう。私達の太陽はいずれ死んでいくのだろう。その時、私達の地球は太陽の色に輝いていたんだと解るのだろう。)僕らの赤い太陽は永遠に輝くのでしょう赤色に輝いて「当然」の空を「無色」に照らす僕等の世界は太陽を無色の色とみなすそんな世界から僕達の「無色」が消えるのでした世界の終わりに青い星が降る僕達の空に咲く青い花Our sun is going to end. Our sun is going to die.Then we are going to notice that the sun have shone on our world.(私達の太陽はいずれ終わっていくのだろう。私達の太陽はいずれ死んでいくのだろう。その時、私達の世界は太陽に照らされていたんだと解るのだろう。)Our sun is going to end. Our sun is going to die.Then we are going to notice that our earth have shonewith the color of the sun.(私達の太陽はいずれ終わっていくのだろう。私達の太陽はいずれ死んでいくのだろう。その時、私達の世界は太陽に照らされていたんだと解るのだろう。)世界の終わりに青い星が降る僕達の空に咲く青い花",Fukase
3,umbrella,鏡に映る私は透明だった分かってた事でも知らないままの方が良かった私は君を濡らすこの忌々しい雨から君を守る為のそれだけの傘それは自分で決めたようで運命みたいなもの何も望んではいけない　傷付くのが怖いからもう一度あの日に戻れたとしても繰り返してしまうでしょう　私はきっとそうこの雨がこのままずっと降れば願ってはいけない　そんな事は分かってる　だけど君に降る雨が　いつの日か上がって青空を望んだらその時私はきっともっと自分の事をこんなに知らなければもう少し幸せな未来も望めたのかなあの雪の日　私を閉じ空を見上げた泣いているように見えた笑顔に私は触れられない哀しくて美しい思い出が走馬灯のように　希望がちらついてしまうこの醜くて本当の気持ちが強くなる前にきっと吐き気がするほど眩しい太陽私の気持ちは自由だと誰かが言ったそんな事ないわ　運命よりも変えられないのこの雨がこのままずっと降れば願ってはいけない　そんな事は分かっていたはず君に降る雨が　いつの日か上がって青空を望んだらその時私はきっと雨が静かに上がり傘立てに置かれた傘忘れた事さえ忘れられてしまったような,Fukase
87,Re:set,迎える朝　何度目の事真っ暗な部屋　子供達の声頭が鉛　体が鉄朦朧とする意識と記憶這いずり回るベッドの上水槽で泳ぐスタビースクイード観賞用のギンピーギンピー部屋に散らばるカティーサーク繰り返されるあの日の映像深い眠りに落ちていく感覚揺れる乳房　かきあげる仕草いつもの口癖　無防備な昼寝夢だと思って眠ってみるけどいつまで経っても醒めない現実君はもういないRe:set迎える朝　何度目の事醒めた夢と横にいる君穏やかな笑顔　優しい匂いカーテンを開ける　差し込む朝日全体にへばりつくヘミプテラ麻酔のように入り込んでくる喉も頭も口も左手も肩も目玉も爪も心臓も髪も産毛も耳も下顎も腸も踵も尻も陰茎も麻痺していくような眠ってくような膝からベッドに落ちていく迎える朝　何度目の事真っ暗な部屋　子供達の声君はもういないRe:set何億通りもある出逢いから　君を見つけてしまった確率ゴミほどころがる奇跡の中で　君を見つけた悪運Re:set,Fukase
86,LOVE SONG,いつの時代もいるんだ「大人はいつも矛盾ばっかり」とか「嘘ばっかり」って言うKid今の君はどうなんだい　そんなに子供は純粋だったかい？時間が成長させるとでも？ Hey Kid君の言う腐った大人もかつては今の君みたい嘘つきはガキの頃から嘘つき　なぁKid大きなモノに噛み付いて　安全圏に逃げ込んで撫でられながら威嚇する Hey Cat僕達もかつては、いつか素晴らしい人に憧れていた　君と同じさいつだって時間はそう僕達を楽にさせて少しずつ麻痺させて最高な大人にしてくれるいつだって時間はそう諦めを教えてくれる君達をいずれ素晴らしい人にしてくれるHey KidI'm from your future“Nice people make the world boring”牙を剥き出しにした飼い猫達のよう可愛いだけが取り柄なのかい？大人達が作っていく　エゴイストで悪い汚い大人像まっすぐな思想が美しい　傾向でも君の静寂の悲鳴は僕も知っている弱いまんま強くなれ　なぁKidどんなに時間がかかっても　僕がここでずっと待ってるから君の力で立ち上がれ　平気僕達もかつては、いつか素晴らしい人に憧れていた　君と同じさいつだって時間はそう僕達を楽にさせて少しずつ麻痺させて最高な大人にしてくれるいつだって時間はそう諦めを教えてくれる君達をいずれ素晴らしい人にしてくれるいつだって時間はそう僕達を楽にさせて少しずつ麻痺させて最高な大人にしてくれるいつだって時間はそう諦めを教えてくれる君達をいずれ素晴らしい人にしてくれるHey KidI'm from your future“Nice people make the world boring”,Fukase
6,Eve,人目を気にして来たイルカショー君はサングラスとハットをつけたまま「可愛いけれど淘汰されるわ時代が合わなくなるからよ」ディナーで食べたラムのステーキ君は野菜を全て残した「美味しいけれど代わりがでるわ時代が合わなくなるからよ」冷たい声と裏腹に君は拒んだ事がない禍々しい言葉を飲み込んで僕は君に顔を埋める好きだけど在ってはいけない制限の中で失っていくもの僕らはきっと会ってはいけない制限の中で守られたもの拒める程高貴じゃない君が消えるまで僕はずっとレイトショー暗がりで指を絡める物議を醸した問題作「刺激的だけど規制されるわ時代が合わなくなるからよ」いつの日からか僕は君の矛盾を指摘しない僕に少しも利点がないから「そうだね」とまた僕は微笑む好きだけど想ってはいけないこの情熱が奪い去っていったもの好きだから僕はいてはいけないこの諦めが守ってくれたもの壊れるほど繊細じゃない君のように壊れられたらどんなに愛しさが憎しみに変わり尊敬が軽蔑に変わっていってもなのにまだ胸を締め付ける端から知らなきゃ良かったんだこの禁断の果実好きだけど在ってはいけない制限の中で失っていくもの僕らはきっと会ってはいけない制限の中で守られたもの拒める程高貴じゃない君が消えるまで僕はずっと,Fukase
7,illusion,命の並んだ午前零時のスーパーマーケットこれから食べる命を選ぶんだTVで放送されている爆弾が降る民族紛争は音声も映像も調整された戦争機械仕掛けの「僕らの真実」はいつか貴方の心を壊してしまうだろう僕たちが見ている世界は加工、調整、再現、処理された世界だから貴方が見ているその世界だけがすべてではないと皆だってそう思わないかい?命を閉じ込めた灼熱の動物ランド僕らはそこでホッキョクグマと出逢えるんだ僕はコンピューターで無限の宇宙を見て“もうすべてを知っている”と錯覚するんだ生きていくことがあまりにも便利になったから生きているという実感がなくなっている僕の知っている「現実」がどうか嘘でありますようにと神様の「形」の「人形」に祈るんだ機械仕掛けの「僕らの真実」はいつか貴方の心を壊してしまうだろう僕たちが見ている世界は加工、調整、再現、処理された世界だから貴方が見ているその世界だけがすべてではないと皆だってそう思わないかい?,Fukase
84,ラフレシア,甘い匂いで誘い込んで気付いたら麻痺してる毎日　毎日　働かせて考えるヒマを与えない「右にならえ耳をふさげ生きてる意味なんか考えるなよ」「前にならえ目をつぶれ考えるから苦しくなるんだ」ラフレシアのように誘い込みアナコンダのように絡みつく逃げ出す勇気もないからさイッちまった方が楽なんだろ？なんでもかんでも監視されてる僕らの自由は奪われた□□□□□□□□□□□もヤッてみたいし□□□□□に□□□□をぶっかけたいな「右にならえ耳をふさげ働く意味なんか考えるなよ」「前にならえ目をつぶれ考えるから辛くなるんだ」ラフレシアのように誘い込みアナコンダのように絡みつく永遠に奴らの言いなりにそれが嫌なら僕についてこいよなんでもかんでも監視されてる僕らの自由は奪われたチョコレートフォンデュもヤッてみたいしパンケーキにシロップをぶっかけたいな,Fukase
9,インスタントラジオ,カボチャを割って生まれた「Radio」怪物は美女とPoprock「Radio」満月の提供　骸骨の「Radio」地球から発信 「INSTANT RADIO」世界が終わって生まれた「Melody」時間と光のLoveloveな「Melody」幽霊たちの命の「Melody」PopでCuteなセカオワ「Melody」朝まだ眠い太陽もちょっと寂しいお月様もみんな笑えたら良いのに　みんな笑ったら楽しいのに燃やされそうな森林や　殺されそうな鳥の悲鳴を笑い声に変えられないかな　そしたらきっと楽しいのに30 minutes INSTANT RADIO presents smile all over the world.(30分間のインスタントラジオは世界中に笑顔を贈ります)世界が終わって生まれた「Melody」時間と光のLoveloveな「Melody」幽霊たちの命の「Melody」PopでCuteなセカオワ「Melody」カボチャを割って生まれた「Radio」怪物は美女とPoprock「Radio」満月の提供　骸骨の「Radio」地球から発信 「INSTANT RADIO」地球から発信 「INSTANT RADIO!!」真っ赤な眼の大臣も　真っ青な顔の病人もみんな踊れたらいいのに　そんな世界なら楽しいのに涙でぬれた人たちも　死ぬより辛い人たちもみんな歌えたらいいのに　それだけで十分すぎるのに30 minutes INSTANT RADIO presents smile all over the world.(30分間のインスタントラジオは世界中に笑顔を贈ります)30 minutes INSTANT RADIO,Fukase
10,Witch,人が生まれて何万年？それは信じる光によって違う光が生み出す強烈な影正しい道を指す光はやがて魔女を探すサーチライトへそれはまるで現代のアレみたい人の不幸から垂れ流される蜜に群がる働き蟻魔女を探せ　魔女を捕まえろ正義の名の下に焼き払え僕等は何度も繰り返す本能に眠る凶暴な正義人の不幸から垂れ流される蜜に群がる働かない蜂昔の時代は良かったとか今の若者は駄目だとかいつの時代にもよくいる大量生産型普通のオッサン正論で殴られた人々殺しよりも非難される人々こんなの皆やってんjあ、間に合わなかったもうぐちゃぐちゃだよ頭ん中頭空っぽで踊ろうよそれのが彼等と同じでしょう？この際、魔女も踊ったらどうだい？インターネットに監視されてるそこら中にいる匿名パパラッチ磔られた人を横目で見る分かっているけど口には出さない全国各地日本列島　お祭り騒ぎ生け贄献上繋いでくんだ点と線を　善悪なんて本当に適当僕等はいつでも他人事いじめをするのはいつだって彼等だしクソな上司も彼等だし悪者はいつだって彼等なんだどこにいるんだ腐った人間みんな被害者で加害者が少ないもしかして僕等が加害者？面白い事言うねぇもうぐちゃぐちゃだよ頭ん中頭空っぽで踊ろうよそれのが僕等と同じでしょう？この際、魔女も踊ったらどうだい？もうぐちゃぐちゃだよ頭ん中頭空っぽで踊ろうよそれのが僕等と同じでしょう？この際、魔女も踊ったらどうだい？,Fukase
83,Like a scent,ふっと鼻をつく忌々しい記憶の匂いはっきりした血の臭いジャンキーたちのくせぇ息ヤニにまみれたクズの聖域ゴミ箱に捨てられた精液一目で解るこいつらの性癖多勢に無勢とかくそウゼェけど有象無象なのは俺も同族雨が降るたび思い出してたお前らに砕かれた骨や薄っぺらい愛とか友情とか遊び半分でぐちゃぐちゃにするお前らの気持ち悪い笑いあと下衆な話題俺はいつだって準備が出来てたお前らが死にゆく姿を最前席で見る為のチケットはもうゲットしてあるライター風のナイフはいつもポケット好きでもねぇ女とfuckしてリセット堕ちてく俺に伸びる手があったその手は確かに温かかった失うモノの無かった俺が隠してたナイフは折れてたあの憎しみを音に変えたそしたらそれが世界を変えた俺が創り上げたファンタジー今日も踊ろうぜ　ファン達make money、undergroundとかいってリースやローンで買ったブリンブリンとかじゃなく俺はあくまでpop star自由が売りの不自由なrock starもfuck youLike a star狂おしい夜に見上げた空に貴方が見つけられる様に真っ暗な朝を迎えた貴方をいつでも照らせる様にふっと鼻をつく匂いの記憶消毒液の追憶鉄格子　カメラ　部屋は真四角どう見ても人間失格2錠の薬かなりハイになる俺が新世界の神になる全てのモノが愛しくなるの後は未来への不安倍になるどいつもこいつも出来ない理由ばっかり専門書を読んでも学者が口を開けば同じことばかり俺は海馬体を悪者にした事なんか一度もない俺に出来る事はお前には絶対出来ない45kgまで痩せた治療法でも感謝してるぜ、先生、あとマイファミリーあれは必要な戦いだったあと何度でも表現を変えずに言ってやる短所は長所だそれが分からねぇやつはずっとそこにいろso I wanna be..Like a star狂おしい夜に見上げた空に貴方が見つけられる様に真っ暗な朝を迎えた貴方をいつでも照らせる様に産まれながらに持たない者の感覚答えはいつでも三角俺が銀河街で見つけた答えそれを大切にしてくれてる子さえそれもちゃんと知っている嘘にならない様に戦ってるあの歌が嘘にならない様に俺はスターで居続けたいんだ,Fukase
12,エデン,例えばさ　宇宙にある愛の言葉すべてを君にさ　伝えても君は満足しないんでしょう？それならば　いっその事僕の心の中を見せられたら良いのになこんなにも君の事ばかりなのにそれは君だって本当は分かってるんでしょう？君に出逢う為　僕は生まれてきたのかとなんて思わなくもないけれど言わないでおいてる君はすぐ僕が何処か遠く　離れてしまわないかと心配になっちゃうんだからその時までとっとこうMm.....こんな事言ったらさ　君は怒るかも知れないけど僕はさ　君のその涙を見た時にちょっとだけ幸せで安心する気持ちになるんだ心配する事なんて１つもないのにさ僕は君に出逢えて幸せだよ君と出逢う為　ずっと歩いて来たのかとなんて考えなくもないけれどちょっと内緒にしておこう君はすぐ僕が何処か遠く　離れてしまわないかと心配になっちゃうんだからその時までとっとこうMm.....,Fukase
13,Error,僕は戦うために作られた軍事用ロボットとして生まれたたくさんの人を傷付けて、勝つたびに褒められただけど、1人で戦う美しい君の横顔を見た時、僕の中でエラーが生まれたんだ上官はいつも僕に言った「誰かを愛しちゃいけないぞ。守るものがあると自分が弱くなるからな、強い男になるんだぞ。」エラー音がうるさいから君を殺しちゃおうと思って銃を向けたでも僕にはそれが出来なかった僕は君に恋をしてしまったのかな喜ばせようと思ったのにそんなに花はいらないと言われた日もあった寝顔が怖いと笑われた日もあった貴方の作る料理は錆びみたいな味がして最高ねと、褒められた日もあったなんで君が泣いてるかわからない日もあったでもそうやって僕はちょっとずつ弱くなっていったんだ「そんなの本当の強さじゃないわ。もちろん守る誰かがいるのは時に貴方を弱くするでしょう。でも弱さを知るという事は強いという事なの。」夜空に容赦なく降る銃弾弾が当たった事なんかなかったのに腕の中にいる君を見てわかったんだ僕は君の家族になりたかったんだ僕は戦うために作られた軍事用ロボットとして生まれたたくさんの人を傷付けて、勝つたびに褒められた,Fukase
28,スターゲイザー,それは死体が腐敗していくように学校へ毎日通うように夫婦が一生添い遂げるように花は摘めば枯れていくように叩けば物は壊れるように罪人が法で裁かれるように多数派がいつも勝っていくように怒鳴れば君が泣くように時々頭がおかしくなる普通の日常stargazer(星を見上げる人)それは電車に揺られて眠るように休みを取らずに働くように命を削って生きていくように勝つことこそが目標なように出る杭は打たれていくように小鳥の声で目が醒めるように怒れば君が黙るようにもう君が笑わないように時々頭がおかしくなる普通の日常stargazer(星を見上げる人)stargazer(星を見上げる人),Fukase
14,エンドロール,僕達が住んでた家が壊される夢を見た凄く大きな青いショベルカーで僕は起きたら泣いていたクジラを観に沖へ出て　観れたのはイルカだけ帰りの車で僕に残ったのは酷い船酔いだけ心が動いたフリをしてみても自分では分かっている麻痺したこの情熱を君の瞳に見つけたい食べたくない訳じゃないし食べれない訳じゃないただどうしても美味しそうに思えないあの日を思い出していた心が動いたフリをしてみても自分では分かっている麻痺したあの情熱を君の瞳に見つけたよ,Fukase
81,YOKOHAMA blues,YOKOHAMA blues潮の風に乗って君の香水の香りがした気がして振り返る君のいないこの街君と離れてどれくらいだろういつも会うのは横浜だったあれから僕も少し変わって大変だけどなんとかやれてるあの頃話した夢も叶って幸せなのかと思ったけれどやっぱりそうはいかなかったみたい僕は今、立ち止まってる名が売れて良いこともあったけど悲しいこともあった受け入れてるし、仕方ないことだから今さら何か言うこともないけどただ、ちょっと疲れただけだと思うんだ「困った時だけ私なのね」と君に笑われそうだな“だけ”に目一杯の嫌味を込めてYOKOHAMA blues潮の風に乗って君の香水の香りがした気がして振り返る君のいないこの街君と出逢ったのはいつだったかないつも君を泣かせてた気がする世の中はなんだか息苦しくなったね炎上だなんだと騒いでさ遊びみたいに嬲り殺してった子供たちはそれをずっと見てたんだ僕もそれを見てたんだ誰にも期待されてなかった僕がステージに上がり容赦なくスポットライトを浴びたんだ君の過去も僕の未来も忘れるように考えぬように僕らはケダモノのように抱き合った君の涙の味がした唇YOKOHAMA blues潮の風に乗って君の香水の香りがした気がして振り返る君のいないこの街君の汗と香水の匂いベッドの下には二人のぬけがら朝日で煌めく汚れた横浜サラリーマンの群れを逆走する二人あの頃の僕らはもういない自由だった僕はもういないYOKOHAMA blues潮の風に乗って君の香水の香りがした気がして振り返る君のいないこの街YOKOHAMA blues潮の風に乗って君の香水の香りがした気がして振り返るこれって何の涙なんだろう,Fukase
80,ユートピア,僕のユートピアは君の言う通りで辿り着くと音を立てて崩れていった貴方が貴方のままだから私は好きになったの貴方が貴方のままだから私はここを去るのよこんなに人生って難しいんだっけもうちょっと簡単だって思っていたよみんな平気な顔をしてさこなしていくんでしょう本当堪んないよ僕のユートピアは君の言う通りで辿り着くとまた色が褪せていく君のユートピアは僕が素通りしたあの日々がそうだったと君は泣いたあそこまで、あそこまで行けたら長い眠りにつくんだ前を見て上を見て歩いてきたから踏み躙って来たんだいつまで経っても辿り着かないそこにいる僕は笑っている？目の前にいる君のそのずっとずっと先の在りもしないユートピア君の言う事には矛盾が散らばっていてそれは君が溢した愛のカケラそれをゴミ箱から拾い集めている僕が壊したユートピアの破片僕のユートピアは君の言う通りで辿り着くと音も立てず崩れていた君のユートピアは僕が素通りしたあの日々は戻らないと君は笑った,Fukase
18,銀河街の悪夢,明日に住みついてる幻覚の名前は皆さんご存知「希望」というアレです未来なんて来なけりゃ皆とのこの差もこれ以上は開くことは無いのにさだって昨日も一昨日も変わろうとしてたけど今日も僕は変われないまま今日がまた終わってく明日また起きたら何か始めてみようだから今日はいつもより早く眠りにつこうだけど眠れなくて朝日が昇るんだ明日はもっと自分が嫌いになるのかなぁ精神を安定させるアイツの魔術は苦しみだけじゃなく楽しみも消してく憂鬱を抑えてくれるアノ子の呪いは絶望だけじゃなく希望も無くしていくあぁ僕の身体が壊れていく「いいかい君は病気だから」とお医者さんがくれたこの薬を飲んだなら深い眠りに堕ちるんだ明日また起きたら何か始めてみようだから今日はいつもより早く起きてみようだけど起きれなくて夕日が沈むんだこんなに辛い日々もいつか終わるかなぁそうさ誰のせいでもなくて僕の問題だから僕のことは僕でしか変えることができないんだ明日を夢見るから今日が変わらないんだ僕らが動かせるのは今日だけなのさ今日こそは必ず何か始めてみよう応援はあまりないけど頑張ってみるよ明日を夢見るから今日が変わらないんだ僕らを動かせるのは自分だけだろうそんなことわかってるんだろう強くなれ僕の同志よ,Fukase
79,yume,僕は夢を叶えることがあまりにも大事すぎて叶えられないことが怖くて何も出来なかった夢は「ユメ」の中で見てれば壊れることもないからゆめのような生涯を「ユメ」で見ていたんだ夢は「ユメ」の中で見るんじゃなくて「夢」の中で見るんだそうさいつも僕ら一緒に泣いたり笑ったりしたんだ夢があるから巡る季節が輝くんだそして桜の花びらが地球に舞っていくように巡る季節を夢と見ていきたいんだ叶わなければ夢じゃないと思ってて壊れたら終わりだと思ってた諦めなければ夢は終わらないのにでも本当は夢ってさ 叶えるモノじゃなくってさ共に泣いたり笑ったりするモノなんだ僕は「夢を叶える」ということが夢になってたんだねそうさいつも僕ら一緒に泣いたり笑ったりしたんだ夢があるから変わる景色が輝くんだそして桜の花びらが地球に舞っていくように変わる景色を夢と見ていきたいんだそうさいつも僕ら一緒に泣いたり笑ったりしたんだ君がいるから僕の命は輝くんだそして桜の花びらがいつか散っていくように夢を見ながら僕は死んでいくんだね,Fukase
77,ムーンライトステーション,wow トーキョームーンライトステーション星空に、列車がやってくる「月」が君を迎えにきたんだこの銀河列車が発車する前に君は真夏の月夜に Tokyo の街に降りて来たかぐや姫という名前の君との不思議な暮らしが始まるYOKOHAMA の花火大会、立ち入り禁止の場所で眺めたね“私には帰る場所がないの” と泣いてたんだwow トーキョームーンライトステーション星空に、列車がやってくる「月」が君を迎えにきたんだこの銀河列車が発車する前にあれから二度目の夏が来て、色んな所に出掛けたね今年の夏は電車で海にでも行こうかなんて話してUENO のガード下の屋台で焼き鳥とビールを飲んだ君はだいぶ酔っ払って、また泣きながら、“帰りたくないよ” とwow トーキョームーンライトステーション君に言わなきゃいけなかったこと僕はずっと忘れていたんだこの銀河列車が発車する前に月の光が照らすその駅僕が君に言えなかったことありがとうを僕は忘れてた君が月に帰ってしまう前にwow トーキョームーンライトステーション星空に、列車がやってくる「月」が君を迎えにきたんだこの銀河列車が発車する前に,Fukase
21,最高到達点,弱さを味方につけた僕は誰よりも高く飛べるのだからこんなところで止まってたら無くしたものが輝かなくなる君がどこか迷った時に僕の心も彷徨っていたら見つけてあげられないんだ優しさだけじゃなくその強さも分かってるんだ夜明けの時さ最高到達点にまで一気に駆け抜けて行くから　yeah麻痺して笑ってるんだろうあの日々の痛みも過去だから　多分世界を敵にしながら崩れそうな足で踏み止まる　yeahあと少しだけ動いてくれさぁ、復活だ　目醒めの時が来た　今さぁ、復活だ　目醒めの時が来た　今起き上がれずに溢れた涙顔の周りで水溜りに息するのもギリギリで涙は味方のはずだったのに分かってるんだ最高到達点にまで一気に駆け抜けて来たから　yeah麻痺して笑ってるんだろうあの日々の痛みも過去だから　多分自分を敵に回したそれは強いようで脆いから　yeah自分を味方につけた僕は誰より強くなるはずさ　今最高到達点にまで一気に駆け抜けて行くから　yeah麻痺して笑ってるんだろうあの日々の痛みも過去だから　多分世界を敵にしながら崩れそうな足で踏み止まる　yeahあと少しだけ動いてくれさぁ、復活だ　目醒めの時が来た　今さぁ、復活だ　目醒めの時が来た　今,Fukase
22,silent,純白の雪が降る街から音が全て奪われていったこんなに静かだと閉じ込めた言葉も聴こえてしまいそう雑音の中、貴方の声だけ心に溶けていくまるでミルクを溢した様なそんな夜空を見上げて一人呟いた消えて欲しいような言葉だけだけど心の音だけはこの雪も奪えないクリスマスなんて無ければいつも通りの何にも変わらない夜なのに聖なる旋律は雪に溶けて自分の鼓動が響いている夜を泳ぐように過ごしたあの瞬間をこのスノードームみたいに閉じ込められたら見えない星に願いを込めて音が無くなった夜に体温で溶ける雪の結晶　触れることが出来ない貴方は私の知らない時間の中にいる凍える身体、力を抜いたら震えが少し治まったでもそれは刹那　無意識のうちに身体が強張っていくこんな真っ白な世界の中にいたら自分だけちょっと汚れてるみたい静寂の音が煩くて今夜はきっと眠れない時を奏でるように寄り添った　煌めきだとしても目を閉じると望んでもないのに思い出してしまうこの降り積もる雪はやっぱり貴方と見たかったな純白の雪が降る「降るなら積もってね、汚くなるだけだから」そんな事を思った私はどんな顔してた？クリスマスなんて無ければいつも通りの何にも変わらない夜なのに聖なる旋律は雪に溶けて自分の鼓動が響いている夜を泳ぐように過ごしたあの瞬間をこのスノードームみたいに閉じ込められたら見えない星に願いを込めて音が無くなった夜に,Fukase
76,蜜の月 -for the film-,大観覧車と建ち並ぶビルたち君の後ろ姿　ずっと眺めていた言葉を選んでた　時間は過ぎていく僕だけこのままで　嘘が映る水面思い出してくれたら良い　あの日に見た月のようにこの声が届くように　僕は歌っている思い出してくれたら良い　あの日に降る雪のようにこの歌が届くように　僕は歌っている風のように　蜜のように　鳥のように　Mm寝台列車と寝惚けたような街君の口ずさんだ僕の知らない歌純白の夜の駅　無音の雪の中真っ暗な冬の海　ずっと眺めていた思い出してくれたら良い　あの日に香る花のようにこの声が届くように　僕は歌っている思い出してくれたら良い　あの日の海の音のようにこの歌が届くように　僕は歌っている種のように　光のように　香りのように　Mm思い出してくれたら良い　あの日に見た月のようにこの声が届くように　僕は歌っている思い出してくれたら良い　あの日に降る雪のようにこの歌が届くように　僕は歌っている風のように　蜜のように　鳥のように　Mm,Fukase
25,死の魔法,HELLO“GOODBYE”今までありがとう今まで僕が作ってきたものが全て無くなってしまうHELLO“ENDING”今までありがとう今まで僕が見つけてきたものが全て無くなってしまうWOW 僕が世界で今まで見つけてきたものWOW 僕が世界で今まで作ってきたものどうして無くしてしまうの?せっかく見つけてきたのにどうして死んでしまうの?HELLO“EVERYBODY”今までありがとう今まで僕が君に言われた言葉、無くさずに持っていけるかなHELLO“世界”今までありがとう今まで君のせいにしてきた事は本当は僕の問題だったんだよねWOW この世界が本当に僕は好きだものWOW この世界がずっと続けばいいのにどうして死んでしまうの?この世界が好きなのにどうして死んでしまうの?HELLO“僕”今までありがとう今まで君が考えてきた事はそれぞれちゃんと正解だったと思うよWOW 皆の地球も僕の仲間の人間もWOW 植物達も僕ら以外の動物も海も森も全てこんなに僕は好きなのにどうして死んでしまうの?WOW 僕の中で戦う天使も悪魔も何か始まる朝も何か終わっていく夜も愛も憎悪も全てこんなに僕は好きなのにどうして死んでしまうの?WOW 始まったものはいつかは終わっていくんだ「今」を生きるということはソレを受け入れて生きること僕は大切な仲間や愛する人がいるのにどうして「今」という時間を大切に出来ないんだろうWOW 僕は過去も未来もこんな好きなのにどうして「今」を愛せないんだろうHELLO「今」あなたは「僕」なんでしょう「今」僕がいるこの「今」という世界あなたはもうひとつの僕なんだね,Fukase
75,蜜の月,大観覧車と建ち並ぶビルたち君の後ろ姿　ずっと眺めていた言葉を選んでた　時間は過ぎていく僕だけこのままで　嘘が映る水面思い出してくれたら良い　あの日に見た月のようにこの声が届くように　僕は歌っている思い出してくれたら良い　あの日に降る雪のようにこの歌が届くように　僕は歌っている風のように　蜜のように　鳥のように　Mm寝台列車と折れ曲がった缶ビール最近変わった君のタバコの匂い純白の夜の駅　無音の雪の中真っ暗な冬の海　ずっと眺めていた思い出してくれたら良い　あの日に香る花のようにこの声が届くように　僕は歌っている思い出してくれたら良い　あの日の海の音のようにこの歌が届くように　僕は歌っている種のように　光のように　香りのように　Mm思い出してくれたら良い　あの日に見た月のようにこの声が届くように　僕は歌っている思い出してくれたら良い　あの日に降る雪のようにこの歌が届くように　僕は歌っている風のように　蜜のように　鳥のように　Mm,Fukase
82,夜桜,春の匂いは前世の記憶のよう思い出せないんだけど、少し懐かしいようなここのところ夜がやけに長い気がする貴方から連絡がないからきっとそう思うんだろうあの時、僕らが数え切れぬほどあると、思ってたこの春はもうあと何回来るんだろう貴方に出逢うまではもう少し強かった一人がこんなに寂しいなんて思わなかったんだ今すぐ貴方に会いたい桜の花が散る前に雨に堕ちていく儚さのように短い其れだから貴方のことを想うと突然哀しくなる寂しい事はいつだって幸せが教えてくれる何も考えずオオカバマダラのように光に真っ直ぐになれたら　どれほど良かったんだろう貴方に出逢うまではもう少し強かった一人がこんなに寂しいなんて思わなかったんだ今すぐ貴方に会いたい桜の花が散る前に雨に堕ちていく儚さのように短い其れだから泥に汚れた花びらは戻れない美しかった時間にそんな事分かってたはずなのに何も出来なかった,Fukase
59,不死鳥,人類の発明　君は最新型ロボット僕らと違うのはただひとつそう君は不死身なんだ夏が始まったとき僕と君は恋に落ちたんだもしも私のこの命が限りあるものになることがいつかはできたのならもう一度あなたを制限時間内に見つけるわそうしたらそれを奇跡と呼びたいの不死鳥よ僕に永遠を与えてください僕と君なら何にも怖くないから天国なんて君がいないのならば僕は君と永遠になるから神様の発明　誕生するすべてのものには終わりをプログラムするというこの宇宙のルールロボットの神は人類だから天国なんかないのかなぁもしもこの聖なる星が降る夜が最初から存在しなかったのならあの真っ白な世界を朝とは呼ばないわ終わりの無いものなんて最初から始まりなんて無いの不死鳥よ僕に永遠を与えてください僕と君なら本当に怖くないから地獄だろうと君がいないのならば僕は君と永遠になるから死がくれる世にも美しい魔法今を大切にすることができる魔法神様　私にも死の魔法をかけて永遠なんていらないから終わりがくれる今を愛したいの不死鳥のように美しい君にいつか終わりが訪れますようにと形あるものはいつかは壊れるから僕は君の手を強く繋ぐんだ僕らの空を花火が飾り夏が終わる,Fukase
73,Mr.Heartache,"Hello again, Mr.HeartacheHello again, Mr.HeartacheWowHello again, Mr.HeartacheWowHello again, Mr.HeartacheWowGive me the strength to get upHello my friend, Mr.Heartache, how many times have we met？How are you now？ It's been a while since I saw you lastDid you gain some weight？ You look a bit olderNostalgia hits meYou were always right by my side, you helped me grow upNow I need you just like beforeHow can I pick myself up？WowHello again, Mr.HeartacheWowHello again, Mr.HeartacheWowGive me the strength to get upWowHello again, Mr.HeartacheWowHello again, Mr.HeartacheWowGive me the strength to get upHello my friend, Mr.Heartache, it's nice to see you againHow long are you planning to stay？Let me grab you a drinkWe've got all night to talk about our livesSo where do we start？You were always right by my side, you helped me grow upNow I need you just like beforeHow can I pick myself up？WowHello again, Mr.HeartacheWowHello again, Mr.HeartacheWowGive me the strength to get upWowHello again, Mr.HeartacheWowHello again, Mr.HeartacheWowGive me the strength to get upHello again, Mr.HeartacheHello again, Mr.HeartacheHello again, Mr.HeartacheHello again, Mr.HeartacheGive me the strength to get upWowHello again, Mr.HeartacheWowHello again, Mr.HeartacheWowGive me the strength to get upHello again, Mr.HeartacheHello again, Mr.Heartache",Fukase (Assisted by Nelson Babin-Coy)
23,サザンカ,ドアの閉まる音　カレンダーの印部屋から聞こえる　君の泣き声逃げる事の方が怖いと君は夢を追い続けてきた努力が報われず　不安になって珍しく僕に当たったりしてここで諦めたら今までの自分が可哀想だと君は泣いた夢を追う君へ思い出して　つまずいたならいつだって物語の主人公は笑われる方だ人を笑う方じゃないと僕は思うんだよ誰よりも転んで　誰よりも泣いて誰よりも君は　立ち上がってきた僕は知ってるよ誰よりも君が一番輝いてる瞬間を夢を追う君へ思い出して　くじけそうならいつだって物語の主人公が立ち上がる限り物語は続くんだ嬉しいのに涙が溢れるのは君が歩んできた道のりを知っているから夢を追う君へ思い出して　つまずいたならいつだって物語の主人公は笑われる方だ人を笑う方じゃない君ならきっと,Fukase・Saori
88,RAIN,魔法は　いつか解けると　僕らは知ってる月が咲いて太陽が今枯れた傘を差し出す君に映る僕は濡れてない水たまりに映る僕は雨に濡れてた幸せなような　涙が出そうなこの気持ちはなんて言うんだろうファフロツキーズの夢を見て起きた涙が頬で乾いていた虹が架かる空には雨が降ってたんだ虹はいずれ消えるけど雨は草木を育てていくんだ虹が架かる空には雨が降ってたんだいつか虹が消えてもずっと僕らは空を見上げる真っ白な夜に　遠くを走る汽車の影静寂と僕ら残して過ぎ去っていく逃げ出したいような　心踊るようなこの気持ちはなんて言うんだろう鏡の前で顔を背けたのはずっと昔のことのようで虹が架かる空には雨が降ってたんだ虹はいずれ消えるけど雨は草木を育てていたんだ虹が架かる空には雨が降ってたんだ忘れないよ　こんな雨の日に空を見上げてきたこと虹が架かる空には雨が降ってたんだ虹はいずれ消えるけど雨は草木を育てていくんだ虹が架かる空には雨が降ってたんだいつか虹が消えてもずっと僕らは空を見上げる雨が止んだ庭に　花が咲いてたんだきっともう大丈夫そうだ　次の雨の日のために　傘を探しに行こう,Fukase・Saori
45,Dropout,"These four wallsFeel so smallI'm the king of nothing at allSilent screams, nights I dreamSomething more is waiting for meI came from Dropout BoulevardThrough my darkest daysBet on myself and beat the oddsI came from Dropout BoulevardSo far awayLook around at where we areI touched down, solid groundLittle pills and all white gownsTo this fate I can't relateRun away with me from this placeI came from Dropout BoulevardThrough my darkest daysBet on myself and beat the oddsI came from Dropout BoulevardSo far awayLook around at where we are",Fukase・TAS
85,Love the warz,世界が唱えるLove&PeacePeaceのPeaceによるPeaceのためのPeacePeaceの対義語の戦争を無くすため何回だって行う戦争朝がなければ夜もないそして悪がなければ正義もないそして不自由がなければ自由もないだから戦争がなければPeaceもないのかい?戦争を無くしてしまえば平和もなくなってしまうなら僕らはどうしたらいいの?本当の平和は訪れないわれわれはPeace防衛軍平和を守るため戦争を無くすためあなた方を処刑しますそんななか僕らは生まれたLovelyでPeacefulな幸福な世界魅惑の果実も魔法の道具もいくらだって手に入るこの世界なのにどうしてこんな苦しいんだ夢も希望もありはしないんだ僕らの幸せはどこにあんだよ平和の中にあるんじゃないのそうさ僕らは幸福世代僕らの平和を守るため僕らの世代が戦争を起こしますそいつの名前はLove the warz世界が信じたLove&PeacePeaceを守るためいつしかみんなで悪をミナゴロシにして世界は何か忘れてきたLove and Peace. Beautiful world. Perfect age. Happy generation.The things we have lost along the way.Hold on. Something is wrong. Just what are we forgetting?Love and Peace. Beautiful world. Perfect age. Happy generation.The things we have lost along the way.Hold on. Something is wrong. Just what are we forgetting?Where's the love?(ラブandピース　美しい世界　完璧な時代　幸福な世代僕達は確実に「何か」を失ったアレ?ちょっとなんか変だ僕達は何を忘れてる?ラブandピース　美しい世界　完璧な時代　幸福な世代僕達は確実に「何か」を失ったアレ?ちょっとなんか変だ僕達は何を忘れてる?あ、そうだ「LOVE」はどこ?)世界がどう変わったらいい?そして僕らもどうなったらいい?僕らの悪をミナゴロシにしたら僕らの正義はどうなんの?どんな希望を持ったらいい?はたまたどんな夢を持ったらいい?不自由なんかないこの世界でどんな自由を願ったらいいの?幸福の中から幸せを僕らは見つけていけるのかなでもそれはまるで昼に光るStarのように僕らはそれを見つけられない世界が平和になってから僕らは生きていく理由が必要になっちゃって泣いて笑って探さなくちゃいけないなんでかって分かるでしょう悪魔がいて天使がいる同様に天使がいて悪魔がいる悪魔が一人で泣かないように天使が一人で笑わないように天使と悪魔が愛し合う世界そこにはきっと「LOVE」が必要で争いあって笑いあって僕らは幸せを見つけてくんだねそうさ僕らは幸福世代僕らの愛を取り戻すため僕らの世代が戦争を起こしますそいつの名前はLove the warz僕らが信じたLove&PeacePeaceを守るためいつしか僕らの敵をミナゴロシにして僕らは愛を忘れてきたLove and Peace. Beautiful world. Perfect age. Happy generation.The things we have lost along the way.Hold on. Something is wrong. Just what are we forgetting?Love and Peace. Beautiful world. Perfect age. Happy generation.The things we have lost along the way.Hold on. Something is wrong. Just what are we forgetting?Where's the love?(ラブandピース　美しい世界　完璧な時代　幸福な世代僕達は確実に「何か」を失ったアレ?ちょっとなんか変だ僕達は何を忘れてる?ラブandピース　美しい世界　完璧な時代　幸福な世代僕達は確実に「何か」を失ったアレ?ちょっとなんか変だ僕達は何を忘れてる?あ、そうだ「LOVE」はどこ?),Fukase・英補作詞：Nelson Babin-Coy
2,ANTI-HERO,"You know I don't give a damn about what's“right”Or pleasing everyone around meCause I know this world that brought us lifeWasn't made to keep everyone happyThe rules and laws that countries come up withIn front of me, they're all shitCause there are people that I've gotta protectAnd if you get in my way, you're deadYou see I'm tired of trying to justifyEvery decision that I makeIf it's to save the people that I stand byYou better believe what I say“Stay in the lines, don't make a scene”Heroes try to tell us what's rightBut when push comes to shove, you'll know what I meanI'm ready to start a fightI'm gonna be the anti-heroFeared and hated by everybodyI'm gonna be the anti-heroSo I can save you when the time comesI'm gonna be the anti-heroFeared and hated by everybodyI'm gonna be the anti-heroYeahRighteousness is a thing that I hateCause it doesn't do any good for anyoneAnd everyone thinks everything is OKIf they just obeyI don't want to think about what they seeWhen they look up and see evil meYou see, love isn't what I needAs long as I can set you freeOh bum bum bum, watch out here I comeI said bum bum bum, you all better runOh bum bum bum, watch out here I comeSo run！“Stay in the lines, don't make a scene”Heroes try to tell us what's rightBut when push comes to shove, you'll know what I meanI'm ready to start a fightI'm gonna be the anti-heroFeared and hated by everybodyI'm gonna be the anti-heroSo I can save you when the time comesI'm gonna be the anti-heroFeared and hated by everybodyI'm gonna be the anti-heroYeahI'm gonna be the anti-heroFeared and hated by everybodyI'm gonna be the anti-heroSo I can save you when the time comesI'm gonna be the anti-heroFeared and hated by everybodyI'm gonna be the anti-heroYeah",Fukase・補作詞：Nelson Babin-Coy
58,深い森,"Inside the birdcage freedom is sungSo loud that our freedom song can't be heardAll the lives lost make no difference to usThe prayers of beasts locked inside the campAre softly surrounded by the poison gasIt's just like what the world feared of all those years agoThe stories from 1940 to 1945End of the worldInside the bug cage the butterfly prays of freedomAnd our freedom prayers can't be heardAll the lives lost make no difference to usIn a pet shop where life has a price tagWe pick up and hold the lonely cat to our chestsIt's like buying and selling a life for profitOh, what's it called again?I'm too tired to remember the wordEnd of the worldEverybody has a different view of this worldI just want to live in harmonyThere is no life that comes with a price into this worldI just want to treasure everythingEnd of the worldOne day I began to feel that dogs weren't locked up in chainsSo please let me ask you this:“What is the reason that you are free?”",Fukase・補作詞：Nelson Babin-Coy
17,カレイドスコープ,この心の奥の結晶が僕を特別にしてくれると思ってたでも誰かと比べてはいつも愕然としてどこを切り取っても平凡な僕にもあの虹をいつか掴めるのかなその時にはすべての傷も癒えて報われるのかな誰もいない部屋にひとり心を映し出した　カレイドスコープまわしても　取るに足らない模様ばかりそんなはずはないさと何度繰り返してみても　同じことはやる気持ちだけ膨らんでく大事に時間をかけて結晶は少しずつ大きくなり輝きを増して僕もあの虹を掴めるような気がしてきただけどまだまだ脆い結晶はほんの僅かな力で割れて粉々になって無惨に散らばる破片　こうなるはずじゃなかったのに誰もいない部屋にひとり心を映し出した　カレイドスコープまわしても　暗闇に飲まれていくだけどんなに愛おしく想っても失う時は一瞬で　もう二度と元に戻すことはできない壊れた結晶の破片を拾い集めて　カレイドスコープまわしたら　七色に輝き放って！壊れる事でしか出せないその特別な輝きはすべてを優しく包み込むようだった,Nakajin
19,Goodbye,真実を追い求めた者たちの熱情がその名を歴史に焼き付けていった運命に怯えるだけだった僕にも静かに火が灯ったんだラプラスの悪魔から見たら限りなく無に近いミクロでもそれは永くながく光る君もいつか僕を忘れてしまうだろうすべてを奪ってく　時は無情だねいつか僕の元へ辿り着いてよ出来るだけたくさんの足跡を残しておくから300年前の彼の旋律は今も生き続け彼を永遠にした絶海の孤島で途方に暮れたような僕の行く先を照らしたこの宇宙の歴史から見たら限りなく無に近い刹那でもそれは強くつよく光る君もいつか僕を忘れてしまうだろうすべてを奪ってく　時は無情だねいつか僕の元へ辿り着いたら出来るだけ盛大な宴でもてなしをするからGoodbye…絶望も　焦燥も　嫉妬も　孤独も　挫折も　すべてただ永く強く光るために滅びぬものなど無いのだろうかやっぱり怖いんだ　眩暈がするほどに襲いかかる闇を振り払うように手を伸ばし続けるよ　導く光を頼りにGoodbye…,Nakajin
67,炎の戦士,誰よりも強くなりたくて一生懸命努力してやっとの思いで作り上げた鎧は中にいてもただ窮屈で身体は弱ってく一方でたまらず自ら脱ぎ捨てたんだそれでも流した汗の痕は僕にしみついて血となり肉となり骨となり僕を動かしている僕を飾る宝石がなくなったって守り続けたいものがある「あの日」灯したこのロウソクだけはずっと守り続けていく誰よりも自由になりたくて一生懸命走ってやっとの思いで辿り着いた山頂でまだ顔を上げなきゃ見えない山がこんなにもあるなんてさ自分の小ささに嫌になっちゃうよそれでも流した泪の痕は僕にしみついて血となり肉となり骨となり僕を動かしている生きることだけで精一杯だって守り続けたいものがある「あの日」灯したこのロウソクだけは強く燃やし続けていく渡れるはずの石橋を叩きすぎて壊してしまった「あの日」の後悔だって血となり肉となり骨となり僕を動かしていく僕を飾る宝石がなくなったって守り続けたいものがある「あの日」灯したこのロウソクだけはずっと守り続けていく,Nakajin
43,ドッペルゲンガー,いつになったら君に追いつける？いつもギリギリ見える所にいるまったく意地が悪いよなやっとの思いで尻尾を掴んだのにまた蜃気楼これがホントに僕が生み出したもの？こんなに人生弄ばれるなんてさ春に転んで骨折っても　夏に寝不足でフラフラでも追いかける背中　泣いている暇はない秋に財布を失くしても　冬に病魔に冒されても逃れられはしない　心に針が刺さったままでも走るいつになったら君は満足する？待ってくれた試しなどないまったく可愛げがないよな不意に背後から聞こえるわざとらしく深いため息これがホントに僕自身だったもの？真綿で首を絞めるようなマネされるなんてさ春に転んで骨折っても　夏に寝不足でフラフラでも迫りくる足音　呼吸も浅くなる秋に財布を失くしても　冬に病魔に冒されても走り続けなきゃ　いつか辿り着く楽園を夢見て本当は分かってる被害妄想気味だって君らにはちゃんと感謝してるよ辛くても続けてきたから今の僕があるんださて次はどこへ向かおうか春に転んで骨折っても　夏に寝不足でフラフラでも踏み締める脚に不思議と力が漲る秋に財布を失くしても　冬に病魔に冒されても最近気づいた　走ってる僕は大体笑顔なんだって,Nakajin
69,正夢,悲しい夢を見たんだね　君の心に空いた穴を僕の投げた「おはよう」が通り抜けていった君が心の奥に抱く癒える事のない傷は夢の中でさえ生々しく痛みを放つんだねまだ外は暗い　妙に目も冴えてしまったから2人で朝陽を待とうか正夢にならないようにどうか僕に話して　傷がぶり返さぬように「ヒトに話すと正夢にならない」そんなの迷信だって嘲笑って聞いてたんだけどだいぶ明るくなってきた　コーヒーでも淹れようか今日は君の真似をしてミルク多めに注いだこんな風にして苦味がスッと薄まるような言葉を魔法みたいに掛ける事ができたなら君が笑顔を取り戻してくれないと僕もちゃんと笑えないんだ正夢にならないようにこびりついた寂しさを　離して欲しいけど同じ痛みを知らない僕にその傷を癒やす事はできないのかな「私たちは同じ道を辿ってきた訳じゃない。違って当たり前だし、同じ傷なんてないよ。だからこそ私たちは惹かれ合ったんでしょう？」泣きながら目覚める夜がこの先もきっとあるだろうけどその時はまた今日みたいに話して朝陽を待とう正夢にならないように僕も今日夢を見たんだ無邪気な笑顔の君をでも今日は話さないでおくよ正夢になりますように,Nakajin
42,TONIGHT,不思議に感じる瞬間が時々ある僕が今ここにいるというこの事実が僕に特別な力があるとはとても思えないしひとりきりではできなかったことだよ突然世界が真っ暗闇になったように見えたでも少しずつ目が慣れて明るくなってきた今まであまりに強すぎる光に照らされてたから目がくらんで気付けなかっただけだった大切な「イマ」はどんどん変わっていく忘れてく思い出もたくさんあるけど終わりの時間は確かに近づいて来てるだけど今夜だけは「イマ」が愛しく思えそうなんだ自分はなんにもできないと思っていたでもそれはなんでもできるって事みたいで望んだ人にはなれないのかもしれないけれども僕は僕になることだけはできるんだ大切な「イマ」はどんどん変わっていく忘れてく思い出もたくさんあるけど終わりの時間は確かに近づいて来てるだけど今夜だけは「イマ」が愛しく思えそうなんだ今の自分がどうしよもなくキライでここまでの道が灰色に見えてたとしてもこの長い道が君へと続いていたならまた一歩前に進む事ができそうな気がするんだ,Nakajin
15,陽炎,貴方はきっと知らないでしょう夜明けに目覚めた私がどんな風にどんな想いでもう一度目を閉じたのか私はきっと知らないでしょう貴方がすぼめていた肩にどんな物がのしかかっていて何故ため息ついたのかドアを閉める小さな音が今でも響いてるああ、さよならだね私たちずっと一緒にいられるそう思って歩いてたあの日ああ、さよならだね白くて小さい花が咲いた貴方が私の名前を呼んだときこの胸の中で恥ずかしそうに揺れていた大切なものはお互いあの日と変わったよねああ、諦めよう私たちそう思うことだけが愛と呼べるかもしれないああ、さよならはきっと変わっていく貴方じゃなくて変わらない貴方を抱きしめられないことねああ、さよならだと分かっていたのに今になってどうして苦しくなるのああ、今更思い出してるのはああ、あの日の夜蜉蝣(かげろう)の定めのように出会って消えそうな命ごと貴方が抱いてくれたことでも、さよならだね,Saori
16,花鳥風月,いつから夜空の星の光に気づかなくなったのかな　夏の空を見上げる私は何か忘れていましたか「さようなら　さようなら」と静かに風がささやくめぐるめぐるめぐる星座のように消えない夜空の光になれたらくらいくらいくらい闇の中でも何も無くさずにここに居られるかな草木も花も鳥も眠り夢を見る夜愛することで得てきたこたえ悲しいことが一つひとつずつ消えていく私は何か忘れていましたか悲しみのない世界であなたを愛せるかなめぐるめぐるめぐる星座のように消えない夜空の光になれたらくらいくらいくらい闇の中でも何も無くさずにここに居られるかな大地も海も森も眠り夢を見る夜いつまであなたのそばにいられるかな止まない雨はないと信じて歩けるかな私は何も忘れたくないの月が綺麗だねと隣であなたが微笑むめぐるめぐる真夏の星の下で愛して憎んで月を眺めたね忘れないでいつかいつか涙が枯れる日が来ても夜空の光を長い長いながい夜静かに朝を迎える,Saori
20,コードレスベイビー,繋がっている時の記憶なんてないよと君は言うけれど十月十日の波乱万丈な日越えてジョキンと切ったんですこんな普通のハサミで切っちゃうの？なんて思っている隙にハイテク製品さながらコードレスになっていた君です忘れもしないあの冬の日数秒前まで繋がっていた君の体をそっと両手で抱き上げた日おめでとう(Congratulations)君は今まさに生まれて産声を響かせ星河一天の夜空の下歓喜の宴よおめでとう(Congratulations)君は今ここに立って二足歩行始めて自分の足で歩いていくいざ行かん明日へ転びながら進めコードレスベイビー五秒と目を離せないとんだハイテクです理不尽な理由で泣いて単純なことで沢山笑います君が笑うとみんな笑う四六時中ふざけて不思議な力をくれる服も着られないのにおめでとう(Congratulations)君は今恋を知って砕けそうな心で万世不朽の愛はないと分かれども世に在りおめでとう(Congratulations)君は今立ち止まって自分なんかと独り言ちて溜め息混じり石を蹴って走り続けてきた過ぎし時を想う君は今この世界に自分の爪痕を残そうとしてその両手は傷付いているけどおめでとう(Congratulations)君が選んできた日々の恐れや悲しみはいつか誰かを抱きしめ得る両手になるはずあの日の母のようにコードレスベイビー一人で生きているような顔をしないで君を待ってる場所に充電しに帰っておいでよ,Saori
24,サラバ,失ったものばかり値がついたいつだって時の中で変わった何でだってこんな！　Ahよってたかってそんな！でも何度だって悩まされるもんで怪物だとか　夜の魔人とか　そんなの出てこないのに戦ってる間に合わなくなって　全速力で駆けてため息ついてたけどサラバ　普通が苦痛だった日々手を振ってみれば　ほら今はもう私の隣には君がいて失敗しながら一緒に歩いてるサラバ　変わりゆく街並みを抜け歩いてこう　遠回りで帰ろう散らばった星と腑抜けたビールいつだって変わった常識のルール酔っ払って言った　Ah調子乗って言った言葉の責任だけは残る目には見えない　呪いの類とか　そんなの気づいてから戦ってる間に合わなくたって　自分で選んだ道を進んでいきたいからサラバ　疲れたって溢した日々手を振ってみれば　ほら今はもう私の隣には君がいて厄介なものだって一緒に立ち向かうサラバ　変わりゆく街並みを抜け歩いてこう　遠回りで帰ろう両手いっぱいの花束みたいに幸せだって受け取っていいと恐れることは何もないんだとふと思っていた　君の隣でサラバ　普通が苦痛だった日々手を振ってみれば　ほら今はもう私の隣には君がいて失敗しながら一緒に歩いてるサラバ　変わりゆく街並みを抜け歩いてこう　遠回りで帰ろう,Saori
27,深海魚,真っ暗な世界に潜ってたんだまっぴらごめんだ　捕食されんのはぱっくり開けた口に飲み込まれたベイトボールより深い場所へ真っ白な命が降り注いでうっとりさせる　偽物ロマンティックぐったりしたんだ　ホンモノってやつが生きていけない暗い場所「自分らしくあれ」と言うなら選択肢をよこせよ逃げるにも勇気は要るんだ急げ深い場所へ化け物になれ　るるるらりら自分らしいとやっと思えた生きる為に　灯すライト暗闇でよく映える紺碧の夜　るるるらりら自分らしいと思える場所へこのままいけば　消えるライト暗闇で灯すんだ白く輝く波　追いかける群れ　泡沫の強者の喧騒煌めくシリウス　見上げる者　息をひそめ沈んでいく者今日も生き抜いたその連続に誇りを持て退化したその目で見つめた自分だけの進路牙を剥く波　嵐の夜丸ごと命飲み込んだ踊るように　沈む者を静かに迎える者星のない夜　るるるらりら海底で蠢く闇は生きる場所を見つけるまで変わり続けてきたんだ生きていけないと思う場所にしがみついて生きてた日より暗い場所はどこにもないそれだけは確かなんだ生きる場所はここじゃないと静かに沈んでいくんだ化け物になれ　るるるらりら自分らしいとやっと思えた生きる為に　灯すライト暗闇でよく映える星のない夜　るるるらりら深淵を覗いてみろよ逃げることで変わる事で生き延びてきたんだアイツらより長く,Saori
26,周波数,額縁の中で笑うギター少年の君に僕らの歌が　届かないなんて誰も説明出来ないどんなに偉い科学者さえも宇宙人の存在を否定できない「証拠が無い」は無いことの証明じゃない目に見えないものを信じるようになったもう会えない人たちが日に日に増えていくからBaby　砂漠で待ち合わせしよう奇抜な色の虎になって走ってきてよ　僕の場所まで手を広げて待っているからさ僕らが会えない理由を説明出来る人にはノーベル賞あげたいくらいでしょ？だから言わせてよ「See you again」靴箱みたいだと思ったあの場所で眠る君と二度と話が　出来ないなんて誰も説明出来ない目に見えないものを信じていたいと思うもう会えない人たちと今でも会いたいからBaby　明日も待ち合わせしよう魅惑の深海魚になって泳いできてよ　朝の海辺にこっちもクロールで向かうから僕らが会えない理由を説明できる人には大拍手あげたいくらいでしょ？だから言わせてよ「See you again」あの話をしたいけど「あの」「あれ」ばかりで誰も分からなくてさ　君がいないと全部悲しくなるからだから言うんだ　綺麗事だと分かって信じてるのさ砂漠で待ち合わせしよう奇抜な色の虎になって走ってきてよ　僕の場所まで手を広げて待っているからさ僕らが会えない理由を説明出来る人にはノーベル賞あげたいくらいでしょ？だから言わせてよ「See you again」,Saori
37,Diary,それまで一人の物語だった突然君が現れるまではページめくった先で　君と巡り合った見開きで恋をしたそれから二人の物語だった突然日々が特別になった一ページめくる度に　胸が騒がしくて思わず栞で閉じた会えない時に進んでいった物語の終わりはどこへいくの？恋をしてた　それなのに好きだと言えなかった　夜があった君と手を繋いで　ページを駆け抜けて読み返せば　煌めいてた君に会えた　それだけで涙が溢れてしまう　夜もあった言の葉を紡いで　運命蹴飛ばしてやっと会えた　一ページが始まるさよならだと　言いながらキスして離れられない　夜もあったあとがきなんて　必要ないから長い長い物語に恋をしてた　それなのに好きだと言えなかった　夜があった君と手を繋いで　ページを駆け抜けて読み返せば　煌めいてた君に会えた　それだけで涙が溢れるくらい　恋をしてた本当は分かってる　どんなラストでも君に逢えた　それだけで僕は,Saori
89,ROBO,Ah　僕はまるで動かなくなったロボットみたいな目をしてるハートは錆びてしまったアームをだらんと垂らして座り込むこの胸でいつも動いてたモーターは冷えてしまったアンドゥ押して戻って思い出せるのは制御不能の負のループ　君との日々鳴り響くエラー音　Ah　電源まで落ちたそこに愛はあったのにな錆びたハート動き出せよ冷えた胸はあっためて頭ん中ノイズ消して　だってさもう分かってんだ　誰を抱きしめたいなんて壊れてしまうくらいに　I knowAh　幸せを感じるシステムは君がいないと起動しないポンコツになったもんだ欠けてるところだけ指を差す視力検査みたいな世界でよくみんな壊れないなあアンドゥ押して戻って思い出したのはノイズ乗った本音と　歪なヘルプミーこんな旧式のセンサーじゃ　気付けなかったんだ君の出したシグナルには錆びたハート動き出せよセンサーは取り替えて愛ってなんてノイズだらけだってさもう分かってんだ　何を大事にしたいなんて壊れてしまうくらいに　I know勝手に再生される僕らのベストメモリー止めようとしたって止まらなくて涙が溢れてくる体の温度が上がってくる　Ah錆びたハート動き出して冷えた胸はあったまって両目はもう涙だらけ　だってさもう分かってんだ　どこへ向かえばいいかなんて壊れてしまうくらいに　I knowオンボロボット　進んでゆくよ,Saori
4,アースチャイルド,僕らはEarth Child世界中を冒険飛行どこまでも行こうこの夜空に眠れない君を連れて夢を見よう朝が来るまで「このあと秘密基地で」三日月街を越えて暗くなれば僕らはそこへ向かう暗号はそれぞれ持ち寄った「敗北」地下帝国　「地球」という名前つけて眠らない夢を見た僕らに出来ないことは何もない?僕らはEarth Child世界中を冒険飛行どこまでも行こうこの夜空に眠れない君を連れて「夢」の世界へEarth Child世界中の暴言非道もしも自分に向けられても変わらない為に僕らはいつまでも変わり続けるよオトナは進入禁止「普通」も「常識」も聞いてねえよ「世界は広いぞ」だって?僕らの「地球」の方が広いぜ?「義務」と「選択」なんて間違うなよ「言い訳」してたら置いていくぞ僕らはEarth Child世界中を冒険飛行どこまでも行こうこの夜空に眠れない君を連れて「夢」の世界へEarth Child世界中の暴言非道もしも自分に向けられても変わらない為に僕らはいつまでも変わり続けるよ何もかも無くしてしまった日は「世界の終わり」のようで僕らはそこから始めようと名前つけて初めて夢を見たんだ世界の終わりのような日が来ても僕らは戦い続けるまた「終わり」の中に「始まり」を探しに行こうよEarthChild世界中を冒険飛行どこまでも行こうこの夜空に眠れない君を連れて夢を見よう朝が来るまで,Saori
64,プレゼント,「知らない」という言葉の意味間違えていたんだ知らない人のこといつの間にか「嫌い」と言っていたよ何も知らずに知ろうともしなかった人のことどうして「嫌い」なんて言ったのだろう流されていたんだ「知らない」ことは怖いから醜い言葉ばかり吐き出して誤魔化して自分のことまで嫌わないでひとりぼっちになりたくないここにいてよその言葉言えなくって心閉ざさないでひとりぼっちにさせないから大丈夫だよその言葉返せるように強くなりたい「人生」のことあまりにも問題ばかり起きるから難問解決プログラムなのかと思っていたけれど気付いたんだ「プレゼント」みたいなものなんだって何十年か好きに生きていい特別なプレゼントだから楽しみにしながらゆっくり開けたら良いんだ自分自身にその言葉を贈るよいつも忘れちゃうからひとりぼっちになりたくないここにいてよその言葉言えなくって心閉ざさないでひとりぼっちにさせないから大丈夫だよその言葉返せるように強くなりたいいま君のいる世界が辛くて泣きそうでもそれさえも「プレゼント」だったと笑える日が必ず来るひとりぼっちになって気付いた本当は大切な人がたくさんいるんだってことがひとりぼっちにさせないから大丈夫だよその言葉返せるように強くなりたい,Saori
63,PLAY,「おはよう」さあ始めようかゲーム開始のファンファーレ消えた宝の地図を右手にこん棒左手に出発だ「すすむ」「にげる」「たたかう」ボタン何度も選択していくうち辿りついた いばらのダンジョン険しい道にはばまれるの巻何度もトライしてもコンティニュー魔法くらい使えないか？と僕の呪文の書を見るとこう書いてあるんだ「冒険の始まりは君の中の- ここじゃないどこかへと行ってみたい気持ち- だからどんなに険しい道にはばまれようとその気持ちこそが君の使える魔法だよ」それはつまるところのところ魔法は使えないってことでこの体とこん棒ひとつ振り回してクリアしろという少しだけど分かってきたぞこのゲームは何かおかしいな気づいたのに僕は不思議とクリアしたい気持ちに駆られるああミスったもいっかいやってみよう何度もトライしているうちにひとりふたり三人四人村人が増えてきては「頑張れ」って叫んでる何度もトライしてもコンティニュー魔法なんて使えないからすすめ　逃げろ　戦うんだそれでもダメならば呪文を唱えろ「冒険の始まりは僕の中の- ここじゃないどこかへと行ってみたい気持ち- だからどんなに険しい道にはばまれようとその気持ちこそが僕の唯一の魔法だよ」長いゲームになりそうだ僕は向かっているここじゃないどこかへと,Saori
51,バタフライエフェクト,予測困難な未来をくぐり抜け無意味な混乱と秩序繰り返して小さな攪乱の揺らめきを起こす複雑な最短ルートで行く待っててよ　数え切れない数の星よりも多い奇跡の上でやっと出会えたのに何でかな　信じられないくらい間抜けで失敗と後悔の連続の日々だトゥトゥトゥ　蝶が舞う偶然に満ちた必然を愛したいトゥトゥトゥ　今日はまだ君の隣で笑ってられるようだトゥトゥトゥ君の隣で笑ってられるようだ直感とロマンが方角を決めて脳内の混沌が脅威の道を示す立ちはだかる困難がきらめいて見えるでこぼこを最高スピードで行くこんな日は　沈黙さえも素晴らしいと思う嵐の中裸足で走れると思うのに何でかな　信じられないくらい間抜けで失敗と後悔の連続の日々だトゥトゥトゥ　蝶が舞う泥だらけの運命を抱きしめたいトゥトゥトゥ　今日はほら雲の切れ間から太陽が見えたトゥトゥトゥ　海に浮かんで満点の星空を君と見上げたいトゥトゥトゥ　そう思った途端ごろごろ雲が鳴って雷鳴が響くトゥトゥトゥ　思ったようにならなかった今も大切にしたいからトゥトゥトゥ　蝶が舞うどうか未来を少し明るく揺らしてよトゥトゥトゥ　今日はまだ君の隣で笑ってられるようだ,Saori
34,千夜一夜物語,砂の国で生まれた王女は誰よりも好奇心旺盛「眠れるまで楽しい話をして」国中の兵士を集めた戦いの自慢話や年寄りの説教を聞いても王女の心は微動だにしなかった世界は退屈で満ちていた荒れた砂地のような私のこの気持ちを「孤独」と呼ぶなら裏側の世界のことは何と呼べばいいの？当たり前のことも何も分からないのに知っているフリは出来ないきっとこの砂が舞う世界に光る星のような意味を探し歩いているの当たり前のことをあなたが知っているならどうか私に教えてそしてこの砂が舞う世界で三日月の灯で聞かせてアラビアンナイト砂の国の王女の元へ一人の兵士がやってきて見たことも聞いたこともない話を眠るまで聞かせてくれた群青の空にかかる虹や魔法のような雪を見たことでもここでは世界中のどこよりも美しい星が見えることも荒れた砂地で出会った彼に会えなくなると分からなくなるの「愛しい」と「苦しい」がまるで同じに思えるの当たり前のことが分からなくなっていく時ああ、恋をしているの？まるでこの砂が舞う世界に光る星のように全てが輝いているの嬉しいのに寂しくなって悲しいのに愛しくなって知りたいことを「知りたくない」なんて言ってしまうことがあるの空を飛んで魔法の絨毯に乗って一体どこまで来たの？ここは孤独の裏側の世界のはずなのにどうしてこんなに一人なの当たり前のことが分からなくなっていく時ああ、恋をしているの窓を開けて星を眺めため息で砂が舞う聞かせてアラビアンナイト,Saori
72,マーメイドラプソディー,人と魚の半分ずつ人魚という名前の彼女は珍しい生き物　硝子に囲まれて育った水と陸地と半分ずつアクアリウムと呼ばれるその場所は彼女に「不自由」をもたらしたのだと「人」は言ったねえ、おしえてよ「自由」はどんなものなの？わたしは貴方が会いにきてくれる「不自由」なこの場所がとても好きだわねえ、お願いよどうか押し付けないでわたしは貴方が会いにきてくれる「不自由」なこの場所が好きだわマーメイド　ラプソディー煌めく不自由なダンスホールにもう一度会いに来てねマーメイド　ラプソディー煌めく不自由なダンスホールにもう一度会いに来てねここで貴方を待っているわ今宵純白のダンスを踊るから「自由」を唱える人たちは「人魚を海に帰すべき」と言った硝子の中から叫んでも、何も届かない「自由」は「孤独」と半分ずつ彼に会えない自由な世界へ引きはがされるように硝子の外へねえ、おしえてよ「自由」はどんなものなの？わたしは貴方が会いに来てくれる「不自由」なこの場所がとても好きだわねえ、分かるのよ「自由」になって広い世界を見てわたしはきっと知ることになるの貴方の代わりはいないとマーメイド　ラプソディー煌めく不自由なダンスホールにもう一度会いにきてねマーメイド　ラプソディー煌めく不自由なダンスホールにもう一度会いにきてねどこに行ったら貴方に会える？夜が明けたらわたしはもう海の中初めて見た硝子の外の世界ああ、わたしはひとりで水平線を見てるわ何て海は広いの初めて見た硝子の外の世界ああ、わたしは貴方に一番に伝えたい何て海は広いのマーメイド　ラプソディー煌めく自由なダンスホール次はわたしが会いに行くわマーメイド　ラプソディー煌めく自由なダンスホール次はわたしが会いに行くわもう待ってるだけじゃないから今宵純白のダンスを踊るから,Saori
78,Monsoon Night,"T-shirt and jeans during a stormI sing out loud, run to the shoreJust like this, oh la la laYou can laugh at me, oh I don't careThunder roars, I head back homeOn the porch, soaked to the boneLight and sounds, all aroundThe water dances on the floorMonsoon nights are gonna get you so highFalling rain won't ever let you down againEyes on you, it's time to fly highNobody will drag you back down againMonsoon nights are gonna get you so highFalling rain won't ever let you down againIt's your life, so you gotta fly highCome on, say yeah！(It was a dark and stormy monsoon night…just like tonight… hahahaha)The howling wind, it shakes our homeOh so loud, we're all alone“It's all about to come crashing down！”We laugh out loud, rolling on the groundFish in the tank, we say helloThey talk back and they let us know“You looked so down moments agoNow it looks like you're ready to go.”Monsoon nights are gonna get you so highFalling rain won't ever let you down againEyes on you, it's time to fly highNobody will drag you back down againMonsoon nights are gonna get you so highFalling rain won't ever let you down againIt's your life, so you gotta fly highCome on, say yeah！",Saori (Assisted by Nelson Babin-Coy)
5,RPG,空は青く澄み渡り　海を目指して歩く怖いものなんてない　僕らはもう一人じゃない大切な何かが壊れたあの夜に僕は星を探して一人で歩いていたペルセウス座流星群　君も見てただろうか僕は元気でやってるよ　君は今「ドコ」にいるの？「方法」という悪魔にとり憑かれないで「目的」という大事なものを思い出して空は青く澄み渡り　海を目指して歩く怖いものなんてない　僕らはもう一人じゃない空は青く澄み渡り　海を目指して歩く怖くても大丈夫　僕らはもう一人じゃない大切な何かが壊れたあの夜に僕は君を探して一人で歩いていたあの日から僕らは一人で海を目指す「約束のあの場所で必ずまた逢おう。」と「世間」という悪魔に惑わされないで自分だけが決めた「答」を思い出して空は青く澄み渡り　海を目指して歩く怖いものなんてない　僕らはもう一人じゃない空は青く澄み渡り　海を目指して歩く怖くても大丈夫　僕らはもう一人じゃない“煌めき”のような人生の中で君に出逢えて僕は本当によかった街を抜け海に出たら　次はどこを目指そうか僕らはまた出かけよう　愛しいこの地球(せかい)を空は青く澄み渡り　海を目指して歩く怖いものなんてない　僕らはもう一人じゃない空は青く澄み渡り　海を目指して歩く怖くても大丈夫　僕らはもう一人じゃない,Saori・Fukase
56,family,君が家に帰ってきた時「ただいま」の声で分かるわざわざ「何があったの？」なんて聞かないけど家族だから　そばにいるけど家族だからこそこんなにも遠い引かれた線のギリギリで何も気付かないふり「おかえり」の言葉にはち切れそうな意味を込めた大丈夫？　何があっても味方でいるとか「ただいま」の言葉が助けてって聞こえた気がして何も聞かないけどそばにいようと思った君が家に帰ってこないと言うはずだった「おかえり」と「今夜はカレーだよ」って言葉が居心地悪そうなんだよ家族だから　解っちゃう事家族だからこそ分からない事知らない君の顔を見る度に越えそうになる線「おかえり」って言う事当たり前すぎて分からなかったいつまでも　当たり前には言えないんだとか「ただいま」って言うのが少しだけわざとらしくなってもきっと「帰るね」って言うから「気をつけてね」って言って「おかえり」の言葉をこれから何度言えるのかな今はもう　毎日のように言わなくなったから「ただいま」って言う声が聞こえた時その瞬間に気が抜けて語尾を伸ばした「おかえり」って言いたい当たり前に言いたい,Saori・Fukase
65,Hey Ho,ぼろぼろの思い出とかばらばらに壊れた気持ちも大事にしたから大切になった初めから大切なものなんてないどこか遠い世界のことなどどうでもいいやと呟いた大事にしないとああ、こんなにも大切なものなんて無いんだなあ嵐の海を渡っていく世間は正義の雨を降らす汚れた荷物、笑えるくらいゴミみたいでもどうしようもなく　大切でHey Ho　Stormy Seas誰かからのSOSずっと耳を塞いできたこの僕に　Whoa-ohHey Ho　Stormy Seas誰かからのScream Of Silenceこの嵐の中、船を出す勇気なんて僕にあるのかい例えば君がテレビから流れてくる悲しいニュースを見ても心が動かなくてもそれは普通なことなんだと思う誰かを助けることは義務じゃないと僕は思うんだ笑顔を見れる権利なんだ　自分のためなんだ君が誰かに手を差し伸べる時はイマじゃないかもしれないいつかその時がくるまで　それでいいHey Ho　Stormy Seas誰かからのSOSきっとこのまま「誰か」のまま放っておけば忘れてしまうだろうHey Ho　Stormy Seasまた聞こえるSOSこの嵐の中、船を出す勇気なんて僕にあるのかいHey Ho　Stormy Seas誰かからのSOSずっと耳を塞いできたこの僕に　Whoa-ohHey Ho　Stormy Seas誰かからのScream Of Silenceこの嵐の中、船を出す勇気なんて僕にあるのかい,Saori・Fukase
52,バードマン,おはよう Early bird飛べない鳥の名前がこんな僕の始まりによく似合うな電線に止まった鳥たちは今五線譜の上の音符みたいに空を駆ける一方この僕が　得するのは三文羽のない背中丸めて溜め息吐いた分かってる　そう言いたくなる無人のベンチでおはよう Early Bird頑張れたらそうしたいよこんな所で　道草食ってるけど何で　今容赦もなく始まった今日はこんなに眩しいんだただ上手くいかない　その時感じる甘えてるとか怠けてるなんて匿名の視線そんなの誰だって　望んでないしどっちか選べるなら空飛べる方になりたい分かってる　そう言いたくなる無人のベンチでおはよう Early bird頑張れたらそうしたいよこんな所で　燻ってばっかだけど何で今容赦もなく始まった今日はこんなに眩しいんだ今日も何も出来ないそんな日がまた終わっていくでもきっと　明日は　ああEarly bird最悪だった昨日もあんな酷い　想いをしたあの日もきっと今日の為だったんだと言える準備はいつでもしておくからおはよう Early bird何も寝てた訳じゃないさどんな日々も　何とか繋げてきたからきっと今容赦もなく始まった今日がこんなに愛しいんだこんなに眩しいんだこんなに愛しいんだ,Saori・Fukase
8,イルミネーション,君に似合うのはきっと赤でも青でも黄色でもないどんな炎に焼かれてもただ一つ残る色だ幸せになるにはきっと何か払わなきゃいけないの、と泣いているような空を見る君の強さを知っているよ汚れたような色だねってそんなに拗ねるなよ人知れずシャツの袖で涙を拭った君に純白の街へ連れてくよ緑や赤の綺麗な光濡れた袖が暖まるまで雪道を彩る二人だけの足跡優しさに色があるなら赤でも青でも黄色でもない全部を混ぜあわせてただ一つ出来る色だそれ、鼠色だよねって顔をしかめるなよ人知れず眠れない夜を過ごした君に僕らの家へ帰ろうか影絵のような帰り道夕食の匂いのする方へ二人手を繋いで向かい合った足跡強いようで弱いでも弱いようで強い君へ贈る色　グレー今年の冬は暖かいね少し前に君が言ってたけど世界はこんなに一瞬で真っ白になっていく純白の街へ連れてくよ緑や赤の綺麗な光濡れた袖が暖まるまで雪道を彩る二人だけの足跡続いていく足跡,Saori・Fukase
11,SOS,"For you, I'll sing this songPlease stay, it won't last longYears after we are long goneThe meaning will stay strongSilence is what this song's aboutNumb to the world all aroundBut I will sing of this placeHoping it finds you some wayPeople needing to be savedScream out for help every dayBut we grow numb to the soundsAnd feelings slowly start to drownThe first time, we can hear a voiceBut soon it all becomes noiseFading to silence in the endI know it doesn't make sense...When sound all ceases to existPeople think that means happinessAnd all the sounds that used to beAre all just noise to you and meThe cries of help disappearThe silence numbs all of our earsAnd when we stop listeningThose screams stop meaning anythingDon't you let your heart grow numb to everyoneOh child, listen to the “sound of silence”Saving someone else means saving yourselfIt's true, and I'm sure you know it tooWhen you hear an “SOS”Answering it becomes a testIt can give the life you leadA meaning that you'd never seenSo don't resist a call for helpCause in the end it will tell youHow to treasure yourselfAnd not be aloneIt might seem a little strangeTo share this song this wayBut I know what I must doIs share the meaning with youAll this I learned from someoneWho spent his life amongPeople screaming out for helpDoing everything to reach outDon't you let your heart grow numb to everyoneOh child, listen to the “sound of silence”Saving someone else means saving yourselfIt's true, and I'm sure you know it tooNow I'd like to thank you for staying by my side...",Saori・補作詞：Nelson Babin-Coy
0,栞,途中でやめた本の中に挟んだままだった空気を読むことに忙しくて　今まで忘れてたよ句読点がない君の嘘はとても可愛かった後ろ前逆の優しさは、すこしだけ本当だった簡単なあらすじなんかにまとまってたまるか途中から読んでも　意味不明な2人の話桜散る桜散る　ひらひら舞う文字が綺麗「今ならまだやり直せるよ」が風に舞う嘘だよ　ごめんね　新しい街にいっても元気でね桜散る桜散る　お別れの時間がきて「ちょっといたい　もっといたい　ずっといたいのにな」うつむいてるくらいがちょうどいい地面に咲いてる初めて呼んだ君の名前　振り向いたあの顔それだけでなんか嬉しくて　急いで閉じ込めたあのね本当はね　あの時言えなかったことをあとがきに書いても　意味不明な2人の話ありがちで退屈などこにでもある続きが開いたら落ちてひらひらと風に舞う迷っても　止まっても　いつも今を教えてくれた栞ありがちで退屈などこにでもある続きが終わってからわかっても遅いのになうつむいてるくらいがちょうどいい地面に泣いてるこの気持ちもいつか　手軽に持ち運べる文庫になって懐かしくなるから　それまでは待って地面に水をやる桜散る桜散る　ひらひら舞う文字が綺麗「今ならまだやり直せるよ」が風に舞う嘘だよ　ごめんね　新しい街にいっても元気でね桜散る桜散る　お別れの時間がきて「ちょっといたい　もっといたい　ずっといたいのにな」うつむいてるくらいがちょうどいい地面に咲いてる,尾崎世界観
